AdaBoost_DT,Bagging_DT,Bernoulli_NB,Complement_NB,DT,ET,Gaussian_NB,GradientBoost,HistGradientBoost,kNN,logistic_regression,Multinomial_NB,neural_networks,RF,"Stacking (AB, GB, XGB, HGB)","Stacking (AB, GB, XGB, HGB, RF, B, ET)",Stacking (All),"Stacking (B, ET)","Stacking (DT, ANN, KNN)","Stacking (DT, ANN, KNN, SVM, LR)","Stacking (DT, ANN, KNN, SVM, LR, GNB, CNB, MNB, BNB)","Stacking (ET, B, LR)","Stacking (GNB, CNB, MNB, BNB)","Stacking (SVM, LR)",SVM,XGB,DoubleStacking,phish
0.7310585786300049,1.0,0.79742135790509,0.9864310125484121,1.0,0.9493627808661569,1.0,0.9999938765686409,0.9997346129917993,1.0,0.9999924530787248,0.9863825051521585,0.9998435974121094,0.877048885450909,0.9831355937540578,0.9839632867887272,0.9735982308489938,0.9721660410586682,0.9759143822022367,0.9754317068385635,0.974232494772079,0.9703534222535127,0.9165367205946284,0.9651154994856699,0.9999999980827315,0.9995096921920776,0.9855067801044374,1.0
0.7310585786300049,1.0,0.79742135790509,0.7622972025515145,1.0,0.5968132924078969,1.0,0.9976215257713381,0.9968535504238151,1.0,0.9815806726151238,0.7616410575842762,0.9985171556472778,0.6896881021959034,0.9831357055015736,0.9843233168604439,0.9799467048104841,0.9689728295505395,0.9759173658178248,0.9754387506753979,0.9743220860209287,0.970418423928648,0.9150189601182495,0.9655891379571373,0.9999894251056892,0.9932873845100403,0.985432284761432,1.0
0.7310585786300049,1.0,0.79742135790509,0.9373465303242482,1.0,0.8098635383013126,0.999999999999357,0.99972562767273,0.9428442135151985,1.0,0.9974266420808476,0.9371337351080256,0.9951937198638916,0.7314831628133334,0.9831474200460985,0.9840584535187442,0.9786311837825867,0.9690394105216866,0.9759257564947939,0.9754328857844622,0.9742730129531922,0.9899524043133154,0.915036695612497,0.9651837793965486,0.9999982759242143,0.9734381437301636,0.985506595436194,1.0
0.7310585786300049,1.0,0.79742135790509,0.6904396375490013,1.0,0.7301450934386401,0.03734201845871996,0.9670639190641304,0.054651339115222394,1.0,0.8075993550459677,0.6896658900554363,0.8586241006851196,0.43560124435569925,0.0944924805170053,0.05431769953343528,1.787560578961912e-05,0.13426349275102578,0.9759304057448854,0.9790353136978031,0.9745780326653111,0.9709984121221856,0.2501023596111775,0.9667704257418394,0.8505631827921626,0.3266984522342682,0.9887841698144935,1.0
0.7310585786300049,1.0,0.79742135790509,0.9442558077631691,1.0,0.8817699937225362,0.9999999999999964,0.729700644042938,0.7236012216256206,1.0,0.9898444820425892,0.9440650787675631,0.9358445405960083,0.6249642446346237,0.9831785894881486,0.9846184934053923,0.9758253466053678,0.969392916470302,0.9759375604305084,0.9754478271445531,0.9744437015211108,0.970356574481087,0.915153436387539,0.9651353017683575,0.9127675894326217,0.9475136995315552,0.9854992058315859,1.0
0.2689414213699951,0.23076923076923078,0.79742135790509,0.8299991904027023,0.0,0.6776501778654365,0.9999844638347479,0.7021225588151699,0.5243175884970047,1.0,0.8644623766157449,0.8294881251849979,0.9509016275405884,0.5818234476359541,0.9832194828693507,0.9833567344998047,0.9797335749524819,0.968682085704043,0.9759369565613358,0.9754684917024198,0.9760791693663561,0.9703610274393929,0.9151496767250827,0.9717836730414863,0.7108607408034954,0.5509939789772034,0.9855082239518524,1.0
0.7310585786300049,1.0,0.79742135790509,0.9277125737788798,1.0,0.8658048435224905,0.9999999955562338,0.999870147916025,0.9998152334540272,1.0,0.9975229396626376,0.927469589820578,0.9972453117370605,0.7564901383294262,0.983144742338857,0.98405292140036,0.9743469288542833,0.9707993358404414,0.9759143843121897,0.9754338408047329,0.9742668863968047,0.9703479644373951,0.9150286836004923,0.9651812580951977,0.9999986166600452,0.9552097320556641,0.985506236196782,1.0
0.2689414213699951,0.23076923076923078,0.79742135790509,0.8099039252904713,0.0,0.5288784702863676,0.9999698834332539,0.4411535839477098,0.2839059920229112,1.0,0.7717459906815334,0.8093463253608374,0.3512346148490906,0.46053178822036545,0.9835414456115936,0.9843502558371829,0.9813101828308095,0.9690106374697315,0.9759446882828163,0.9754472813117727,0.9759478867059929,0.9705889783141428,0.9150856112231647,0.9703635420594842,0.7883241066422082,0.24724224209785461,0.9860690740929534,1.0
0.7310585786300049,1.0,0.79742135790509,0.883781305203679,1.0,0.7417124812359995,0.9999999999997371,0.998613118816868,0.9966922080452502,1.0,0.969411975793777,0.8834092108510483,0.9956713318824768,0.7235999818024612,0.9831362190485938,0.9843971232412635,0.9791501398791268,0.9688514592142823,0.9759160515678726,0.9754428529399426,0.9743227986663281,0.9704377544198576,0.9151449674428211,0.965877848027992,0.9999940313497147,0.9919923543930054,0.9855087129702708,1.0
0.7310585786300049,1.0,0.79742135790509,0.971334325610435,1.0,0.871071296858313,1.0,0.9999620863237476,0.9998540540862884,1.0,0.9999062623883268,0.9712334233385564,0.9998056888580322,0.8811716438181094,0.9831350486223189,0.983970710553426,0.97371151358754,0.9704562515673719,0.9759156377695648,0.9754319643170155,0.9742550429345426,0.9703596658589113,0.9153779033555767,0.9651177916377994,0.999999902902879,0.9984147548675537,0.9855073605235701,1.0
0.7310585786300049,1.0,0.79742135790509,0.9700912428965047,1.0,0.8785687337433419,1.0,0.9995810827086042,0.9972757882817503,1.0,0.9998455952655714,0.969986100217509,0.9939799308776855,0.726236619060585,0.9831353587834488,0.9840078315944355,0.9733383068054178,0.9709348746924227,0.9759168029744515,0.9754317480262571,0.9742868750866437,0.9705238095667863,0.9157010335752744,0.9651789226213853,0.9971695588254745,0.9983069896697998,0.9855080625956402,1.0
0.7310585786300049,1.0,0.79742135790509,0.9700912428965047,1.0,0.8785687337433419,1.0,0.9995810827086042,0.9972757882817503,1.0,0.9998455952655714,0.969986100217509,0.9939799308776855,0.726236619060585,0.9831353587834488,0.9840078315944355,0.9733383068054178,0.9709348746924227,0.9759168029744515,0.9754317480262571,0.9742868750866437,0.9705238095667863,0.9157010335752744,0.9651789226213853,0.9971695588254745,0.9983069896697998,0.9855080625956402,1.0
0.7310585786300049,1.0,0.79742135790509,0.9596706254836019,1.0,0.8569681294583544,1.0,0.9521305740616961,0.9147781234385678,1.0,0.9994612957126655,0.9595303779033565,0.9921398162841797,0.6277938725681123,0.9831358901483708,0.9840006412453128,0.9738793574130752,0.9709348746924227,0.9759158944761165,0.9754345089154148,0.9742829208784796,0.9703548244093606,0.9154288079055144,0.9652643156469565,0.992777307189926,0.9726022481918335,0.985508231219133,1.0
0.7310585786300049,1.0,0.79742135790509,0.9700912428965047,1.0,0.8785687337433419,1.0,0.9995810827086042,0.9972757882817503,1.0,0.9998455952655714,0.969986100217509,0.9939799308776855,0.726236619060585,0.9831353587834488,0.9840078315944355,0.9733383068054178,0.9709348746924227,0.9759168029744515,0.9754317480262571,0.9742868750866437,0.9705238095667863,0.9157010335752744,0.9651789226213853,0.9971695588254745,0.9983069896697998,0.9855080625956402,1.0
0.7310585786300049,1.0,0.79742135790509,0.9596706254836019,1.0,0.8569681294583544,1.0,0.9521305740616961,0.9147781234385678,1.0,0.9994612957126655,0.9595303779033565,0.9921398162841797,0.6277938725681123,0.9831358901483708,0.9840006412453128,0.9738793574130752,0.9709348746924227,0.9759158944761165,0.9754345089154148,0.9742829208784796,0.9703548244093606,0.9154288079055144,0.9652643156469565,0.992777307189926,0.9726022481918335,0.985508231219133,1.0
0.7310585786300049,1.0,0.79742135790509,0.9596706254836019,1.0,0.8569681294583544,1.0,0.9521305740616961,0.9147781234385678,1.0,0.9994612957126655,0.9595303779033565,0.9921398162841797,0.6277938725681123,0.9831358901483708,0.9840006412453128,0.9738793574130752,0.9709348746924227,0.9759158944761165,0.9754345089154148,0.9742829208784796,0.9703548244093606,0.9154288079055144,0.9652643156469565,0.992777307189926,0.9726022481918335,0.985508231219133,1.0
0.7310585786300049,1.0,0.79742135790509,0.9700912428965047,1.0,0.8785687337433419,1.0,0.9995810827086042,0.9972757882817503,1.0,0.9998455952655714,0.969986100217509,0.9939799308776855,0.726236619060585,0.9831353587834488,0.9840078315944355,0.9733383068054178,0.9709348746924227,0.9759168029744515,0.9754317480262571,0.9742868750866437,0.9705238095667863,0.9157010335752744,0.9651789226213853,0.9971695588254745,0.9983069896697998,0.9855080625956402,1.0
0.7310585786300049,1.0,0.79742135790509,0.9596706254836019,1.0,0.8569681294583544,1.0,0.9521305740616961,0.9147781234385678,1.0,0.9994612957126655,0.9595303779033565,0.9921398162841797,0.6277938725681123,0.9831358901483708,0.9840006412453128,0.9738793574130752,0.9709348746924227,0.9759158944761165,0.9754345089154148,0.9742829208784796,0.9703548244093606,0.9154288079055144,0.9652643156469565,0.992777307189926,0.9726022481918335,0.985508231219133,1.0
0.7310585786300049,1.0,0.79742135790509,0.9596706254836019,1.0,0.8569681294583544,1.0,0.9521305740616961,0.9147781234385678,1.0,0.9994612957126655,0.9595303779033565,0.9921398162841797,0.6277938725681123,0.9831358901483708,0.9840006412453128,0.9738793574130752,0.9709348746924227,0.9759158944761165,0.9754345089154148,0.9742829208784796,0.9703548244093606,0.9154288079055144,0.9652643156469565,0.992777307189926,0.9726022481918335,0.985508231219133,1.0
0.7310585786300049,1.0,0.79742135790509,0.9596706254836019,1.0,0.8569681294583544,1.0,0.9521305740616961,0.9147781234385678,1.0,0.9994612957126655,0.9595303779033565,0.9921398162841797,0.6277938725681123,0.9831358901483708,0.9840006412453128,0.9738793574130752,0.9709348746924227,0.9759158944761165,0.9754345089154148,0.9742829208784796,0.9703548244093606,0.9154288079055144,0.9652643156469565,0.992777307189926,0.9726022481918335,0.985508231219133,1.0
0.7310585786300049,1.0,0.79742135790509,0.9596706254836019,1.0,0.8569681294583544,1.0,0.9521305740616961,0.9147781234385678,1.0,0.9994612957126655,0.9595303779033565,0.9921398162841797,0.6277938725681123,0.9831358901483708,0.9840006412453128,0.9738793574130752,0.9709348746924227,0.9759158944761165,0.9754345089154148,0.9742829208784796,0.9703548244093606,0.9154288079055144,0.9652643156469565,0.992777307189926,0.9726022481918335,0.985508231219133,1.0
0.7310585786300049,1.0,0.79742135790509,0.9700912428965047,1.0,0.8785687337433419,1.0,0.9995810827086042,0.9972757882817503,1.0,0.9998455952655714,0.969986100217509,0.9939799308776855,0.726236619060585,0.9831353587834488,0.9840078315944355,0.9733383068054178,0.9709348746924227,0.9759168029744515,0.9754317480262571,0.9742868750866437,0.9705238095667863,0.9157010335752744,0.9651789226213853,0.9971695588254745,0.9983069896697998,0.9855080625956402,1.0
0.7310585786300049,1.0,0.79742135790509,0.8841820826310764,1.0,0.7419780809662037,0.9999999999999254,0.9951154383777828,0.03971920181839185,1.0,0.9651768361997553,0.8838111027428401,0.9956785440444946,0.6850404911560023,0.9832364842987842,0.9842759184659938,0.9794051532889952,0.9685323779129128,0.9759354511788582,0.9754658846269421,0.9872518080075591,0.9704547414979419,0.9151267169777639,0.5680160686918875,0.3927127291379877,0.6433732509613037,0.9854765713997625,1.0
0.7310585786300049,0.5282051282051282,0.79742135790509,0.9733714816378577,1.0,0.7638178398047963,0.9999999999992149,0.962657763595871,0.1204478918252064,1.0,0.9643976772354418,0.97327755281677,0.9797909259796143,0.7128578171215351,0.9834741808326726,0.9841449904459115,0.9743684954220647,0.9686636257371306,0.9759260200739455,0.9754515563657604,0.9742729855802288,0.9704555828265101,0.9158894418712961,0.965314083087876,0.9365854324117342,0.4213404655456543,0.9853857368213406,1.0
0.7310585786300049,1.0,0.79742135790509,0.989267535229496,1.0,0.8900722341306186,1.0,0.999988811226977,0.999682850868896,1.0,0.9999952046416982,0.9892290573174066,0.9983804225921631,0.8552230370334243,0.9831395032354646,0.9840544373346048,0.9742531527564314,0.9702062862933561,0.9759138588820222,0.9754391214678503,0.9742285265722977,0.9704560307243131,0.9164313984213464,0.9653960747820218,0.9794104255386754,0.9898850917816162,0.9855084737401636,1.0
0.2689414213699951,0.2564102564102564,0.79742135790509,0.8447420997050467,0.0,0.794653176613986,0.9999392402478382,0.4927278749796978,0.8523036279193971,1.0,0.9491869687929643,0.8442670394420434,0.984447181224823,0.7102419565045521,0.9832862177972416,0.9843745346377024,0.9747799926021701,0.9688788700280938,0.9759276815660994,0.9754460476576615,0.9743195606894529,0.9704259106571806,0.9151806333504079,0.9662111489581877,0.99067736334214,0.8814521431922913,0.9854845907279469,1.0
0.7310585786300049,0.6102564102564103,0.79742135790509,0.96132737017377,1.0,0.8477417119031346,0.9999999999964153,0.7475981113958352,0.7300848904476093,1.0,0.9909507010764045,0.9611926510313558,0.9965991973876953,0.7361928988882064,0.9831470228217771,0.9840792389362223,0.9737767438347865,0.9693159803498482,0.9759150214436421,0.975435056288382,0.9742730825920645,0.9703688862006793,0.9154265011357784,0.9653532217642113,0.9999997768178822,0.9767524600028992,0.9855085692313622,1.0
0.7310585786300049,0.8256410256410256,0.79742135790509,0.9717716974611142,1.0,0.9500789067951858,1.0,0.9958302148530072,0.999707252377388,1.0,0.9992308281061557,0.9716722898258366,0.9978958368301392,0.8407382323506497,0.9831356295714887,0.9841439174529125,0.9736084395202464,0.9705418120351392,0.9759139567515587,0.975431789068941,0.9742453622692513,0.9704485342936511,0.9157806877590918,0.9651357978664252,0.999998946631892,0.996536374092102,0.9855045874632123,1.0
0.7310585786300049,1.0,0.79742135790509,0.9695070855386861,1.0,0.9578561554724345,1.0,0.9981105429000833,0.9993222831310546,1.0,0.9984750995663237,0.9693999540617819,0.9976968169212341,0.8426795860946243,0.9831394255072422,0.9841056485971049,0.9735099337149151,0.9701911077647514,0.9759139601515027,0.9754321137521301,0.9742487327350912,0.9704700065663335,0.915698925698907,0.9651559676714769,0.9999975806650309,0.9955522418022156,0.9854765263822466,1.0
0.7310585786300049,1.0,0.79742135790509,0.8813116063462585,1.0,0.7271220813605064,0.9999999174349766,0.9956765536967946,0.9498867788437737,1.0,0.8331730781935479,0.8809326701159985,0.9640910625457764,0.6203135428317538,0.9831716776605887,0.9842662966956515,0.9758394448713404,0.9688010026263347,0.9759369156401685,0.9754359241269449,0.9743148607463062,0.9706980564195093,0.9151539654421443,0.9676571896262622,0.9999991029527608,0.8500230312347412,0.9854692425837647,1.0
0.7310585786300049,1.0,0.79742135790509,0.9185305189282749,1.0,0.7422372899692158,1.0,0.6884469318210764,0.9927929504451223,1.0,0.9998113893303106,0.9182593902293307,0.9985624551773071,0.5894285529815724,0.9831376623193719,0.9840093457406082,0.9783411281793659,0.9685980188998904,0.9759161052813153,0.975431690282218,0.9742648321524786,0.9703875503647048,0.9151192921676553,0.965120667181283,0.999984900533297,0.9372926354408264,0.9855035217761103,1.0
0.7310585786300049,1.0,0.79742135790509,0.9700912428965047,1.0,0.8785687337433419,1.0,0.9995810827086042,0.9972757882817503,1.0,0.9998455952655714,0.969986100217509,0.9939799308776855,0.726236619060585,0.9831353587834488,0.9840078315944355,0.9733383068054178,0.9709348746924227,0.9759168029744515,0.9754317480262571,0.9742868750866437,0.9705238095667863,0.9157010335752744,0.9651789226213853,0.9971695588254745,0.9983069896697998,0.9855080625956402,1.0
0.7310585786300049,1.0,0.79742135790509,0.9700912428965047,1.0,0.8785687337433419,1.0,0.9995810827086042,0.9972757882817503,1.0,0.9998455952655714,0.969986100217509,0.9939799308776855,0.726236619060585,0.9831353587834488,0.9840078315944355,0.9733383068054178,0.9709348746924227,0.9759168029744515,0.9754317480262571,0.9742868750866437,0.9705238095667863,0.9157010335752744,0.9651789226213853,0.9971695588254745,0.9983069896697998,0.9855080625956402,1.0
0.7310585786300049,1.0,0.79742135790509,0.9700912428965047,1.0,0.8785687337433419,1.0,0.9995810827086042,0.9972757882817503,1.0,0.9998455952655714,0.969986100217509,0.9939799308776855,0.726236619060585,0.9831353587834488,0.9840078315944355,0.9733383068054178,0.9709348746924227,0.9759168029744515,0.9754317480262571,0.9742868750866437,0.9705238095667863,0.9157010335752744,0.9651789226213853,0.9971695588254745,0.9983069896697998,0.9855080625956402,1.0
0.7310585786300049,1.0,0.79742135790509,0.9700912428965047,1.0,0.8785687337433419,1.0,0.9995810827086042,0.9972757882817503,1.0,0.9998455952655714,0.969986100217509,0.9939799308776855,0.726236619060585,0.9831353587834488,0.9840078315944355,0.9733383068054178,0.9709348746924227,0.9759168029744515,0.9754317480262571,0.9742868750866437,0.9705238095667863,0.9157010335752744,0.9651789226213853,0.9971695588254745,0.9983069896697998,0.9855080625956402,1.0
0.7310585786300049,1.0,0.79742135790509,0.9700912428965047,1.0,0.8785687337433419,1.0,0.9995810827086042,0.9972757882817503,1.0,0.9998455952655714,0.969986100217509,0.9939799308776855,0.726236619060585,0.9831353587834488,0.9840078315944355,0.9733383068054178,0.9709348746924227,0.9759168029744515,0.9754317480262571,0.9742868750866437,0.9705238095667863,0.9157010335752744,0.9651789226213853,0.9971695588254745,0.9983069896697998,0.9855080625956402,1.0
0.7310585786300049,1.0,0.79742135790509,0.9596706254836019,1.0,0.8569681294583544,1.0,0.9521305740616961,0.9147781234385678,1.0,0.9994612957126655,0.9595303779033565,0.9921398162841797,0.6277938725681123,0.9831358901483708,0.9840006412453128,0.9738793574130752,0.9709348746924227,0.9759158944761165,0.9754345089154148,0.9742829208784796,0.9703548244093606,0.9154288079055144,0.9652643156469565,0.992777307189926,0.9726022481918335,0.985508231219133,1.0
0.7310585786300049,1.0,0.79742135790509,0.9596706254836019,1.0,0.8569681294583544,1.0,0.9521305740616961,0.9147781234385678,1.0,0.9994612957126655,0.9595303779033565,0.9921398162841797,0.6277938725681123,0.9831358901483708,0.9840006412453128,0.9738793574130752,0.9709348746924227,0.9759158944761165,0.9754345089154148,0.9742829208784796,0.9703548244093606,0.9154288079055144,0.9652643156469565,0.992777307189926,0.9726022481918335,0.985508231219133,1.0
0.2689414213699951,0.6666666666666666,0.79742135790509,0.9667331372180196,1.0,0.8683335738341965,1.0,0.9996713753010503,0.9996157278555012,1.0,0.9955568804379661,0.9666165955430011,0.9955693483352661,0.7905365306148618,0.9831352595945805,0.9839625237138587,0.9739777266328778,0.9696554409946632,0.9759265058117232,0.9754345326223827,0.974271035713557,0.9703476321055874,0.9156451494160601,0.9652332297313484,0.9999973122773799,0.9985747337341309,0.9855057775856293,1.0
0.7310585786300049,1.0,0.79742135790509,0.9728262545178137,1.0,0.9560379736542528,1.0,0.9992221447268694,0.9987172195160343,1.0,0.9992455703144142,0.9727304563552897,0.9976438283920288,0.8436443130921911,0.9831401169121342,0.9840649603484455,0.9735414959808428,0.9710084787523434,0.9759139743827074,0.9754317937510915,0.9742450864263804,0.970462534369244,0.915833255683606,0.965135400272313,0.9999992506131026,0.9935411214828491,0.9855081602956083,1.0
0.7310585786300049,0.6102564102564103,0.79742135790509,0.954209635497228,1.0,0.8329435358209039,0.9999999999926814,0.9991957647705905,0.9995874554487372,1.0,0.988198039326984,0.9540513063061302,0.9964957237243652,0.8190716294685537,0.9831378811754364,0.9841604042654224,0.9735200402370324,0.9693056268538565,0.9759165755977727,0.9754360430471002,0.9742834205026155,0.9703601219120492,0.9153131139870903,0.9654238424504976,0.9999903231256669,0.9957278966903687,0.9855074552264861,1.0
0.7310585786300049,1.0,0.79742135790509,0.9703720799321441,1.0,0.9578561554724345,1.0,0.9981105429000833,0.9986799058805274,1.0,0.9985760778814027,0.970267894262577,0.9978592395782471,0.8407760961057398,0.9831398867727069,0.9840456979261943,0.9735348726672167,0.9705067197956608,0.975913950873304,0.9754320726167272,0.9742479339315474,0.9704702330854129,0.9157325376138313,0.9651532666856047,0.9999980882101548,0.9924206137657166,0.9854158752170751,1.0
0.7310585786300049,0.6102564102564103,0.79742135790509,0.9612844663363873,1.0,0.8353014416973764,0.9999999999997797,0.8358833261733809,0.9488901693103847,1.0,0.9935058145645835,0.9611496037752103,0.9968060255050659,0.7219484123710589,0.9831486849632461,0.9840668549199729,0.974128132637178,0.9691363138849899,0.9759152722379404,0.9754341140488744,0.9742662111936159,0.9703643623626268,0.9154726758908301,0.9652870464302657,0.9999951715763787,0.9542981386184692,0.985505414957738,1.0
0.7310585786300049,1.0,0.79742135790509,0.9596706254836019,1.0,0.8569681294583544,1.0,0.9521305740616961,0.9147781234385678,1.0,0.9994612957126655,0.9595303779033565,0.9921398162841797,0.6277938725681123,0.9831358901483708,0.9840006412453128,0.9738793574130752,0.9709348746924227,0.9759158944761165,0.9754345089154148,0.9742829208784796,0.9703548244093606,0.9154288079055144,0.9652643156469565,0.992777307189926,0.9726022481918335,0.985508231219133,1.0
0.7310585786300049,1.0,0.79742135790509,0.9700912428965047,1.0,0.8785687337433419,1.0,0.9995810827086042,0.9972757882817503,1.0,0.9998455952655714,0.969986100217509,0.9939799308776855,0.726236619060585,0.9831353587834488,0.9840078315944355,0.9733383068054178,0.9709348746924227,0.9759168029744515,0.9754317480262571,0.9742868750866437,0.9705238095667863,0.9157010335752744,0.9651789226213853,0.9971695588254745,0.9983069896697998,0.9855080625956402,1.0
0.2689414213699951,0.0,0.79742135790509,0.4603492796522778,0.0,0.6850599862730927,1.0,0.9503163219931332,0.7958490189694295,0.0,0.9231041018637312,0.4594506788118532,0.998989999294281,0.7055094006851487,0.9829747581017461,0.9830798328506778,0.9912066261401746,0.9690343823572581,0.9754796308779702,0.9891139743685046,0.9689685020809329,0.9711096412944167,0.9208674397401694,0.9662392944231055,0.9796564573198552,0.44418829679489136,0.9855284392067926,1.0
0.2689414213699951,0.0,0.79742135790509,0.4463486813237425,0.0,0.48949699204527947,2.1052358478391314e-05,7.56192065641921e-05,5.8962871051164034e-05,1.0,0.49272020610211004,0.44545485077623315,0.09669658541679382,0.2322589997865059,0.9838238187926238,0.9957985850326486,0.9958514510554846,0.35167645942114184,0.02490651247596624,0.9754589381167755,0.01695453775171785,0.05838050278029671,0.1279582758207551,0.32862520420577496,0.4735684294194251,0.025282958522439003,0.9728384859095854,1.0
0.2689414213699951,0.48205128205128206,0.79742135790509,0.8466834902943101,0.0,0.798456826761895,0.9999999999989768,0.9996734269178675,0.9090965497673728,1.0,0.8935203731258287,0.846213288884591,0.9762752056121826,0.7330030638663293,0.983200588297204,0.9841413906759184,0.9764468030705001,0.9688806548557782,0.9584355880578557,0.9754445246216581,0.9743316117997418,0.9704732883909638,0.9151802363318002,0.9668028421528901,0.9897772894559738,0.9024319052696228,0.9855066280453794,1.0
0.7310585786300049,1.0,0.79742135790509,0.582435532336969,1.0,0.6806088448740728,0.29987954432077957,0.040856433117420564,0.001234599496006952,1.0,0.937339092542519,0.581555436802145,0.8582965135574341,0.40156316709156353,0.9865316826355786,0.24401613366337366,0.9557649736618151,0.9742875722375961,0.975937045764007,0.9782183873532527,0.13172803109715484,0.9101267291560549,0.9342148700378604,0.9651553044940402,0.8983164735872239,0.11234332621097565,0.9900229621386503,1.0
0.7310585786300049,1.0,0.79742135790509,0.8212099184953177,1.0,0.8515596431307205,0.999999999990024,0.9998584048458645,0.968608022706273,1.0,0.9151941881039634,0.8206781391693408,0.9425649642944336,0.7155792216689445,0.9831983482362116,0.9895482283515321,0.9999975918764882,0.9957477512240468,0.975937136972089,0.9754474832779795,0.9759930237652819,0.9896848519851577,0.9151263938975851,0.966641251221041,0.9907581859310479,0.9964714050292969,0.9854732239834372,1.0
0.7310585786300049,1.0,0.20257864209491006,0.7887842101142797,1.0,0.8185303549497098,0.9999999899563476,0.9999880250344729,0.9982996933446263,1.0,0.9456793234945694,0.7893862981422672,0.8863266110420227,0.7976483246791911,0.9999764700470747,0.9999860109895974,0.24717345181094896,0.9882386035770923,0.9752541755899242,0.9764917807698205,0.4738716726486569,0.976785350892974,0.8715817118524579,0.9587133755161003,0.9540688650617851,0.9964510404970497,0.983306945542679,0.0
0.7310585786300049,1.0,0.20257864209491006,0.7395603647850499,1.0,0.7497028504779677,0.9999998705942572,0.998654081976765,0.9971083659436129,1.0,0.9811175343758193,0.740256563747159,0.9132038652896881,0.7616989811517553,0.9389000693029433,0.9909205689166078,0.9831522614107312,0.9754869558616078,0.9752399329087061,0.9765227888443874,0.9757814717153239,0.9767853906842316,0.8715541768655672,0.9582364510800504,0.8950200425915822,0.9976776407565922,0.9832491890353633,0.0
0.7310585786300049,1.0,0.20257864209491006,0.6851250617019562,1.0,0.7781418775419919,0.28503092262632845,0.9999429258279229,0.9993849669372409,1.0,0.5440551411758547,0.6859049745489122,0.7117122709751129,0.7671372466214519,0.984997914991171,0.9974221632266692,0.009586685917546522,0.8987167179153758,0.9752455800899288,0.9779938015464147,0.9879708217773763,0.9767648331357206,0.07442722603706287,0.9601646155171183,0.991795475469966,0.9980013566091657,0.9828379103673249,0.0
0.7310585786300049,1.0,0.20257864209491006,0.6780507961579159,1.0,0.8220457932298356,0.005869908109217503,0.9996987864784485,0.9980362851118817,1.0,0.4941103227102509,0.6788400174940763,0.4547730088233948,0.7037643396116449,0.9029290837956807,0.5701553691646792,0.057170124850290494,0.9855989141789825,0.9752475443499699,0.9254611451335617,0.9895718929437841,0.034876361082874396,0.07666212267787587,0.9609857524980744,0.8375315047900257,0.995644445065409,0.9828442760901371,0.0
0.7310585786300049,1.0,0.20257864209491006,0.7365868805160738,1.0,0.8119775519188964,0.9887777197051641,0.9997098977518528,0.9990190652141371,1.0,0.9598114537850833,0.7372882045362952,0.9982622265815735,0.7599457212839866,0.01822617937340243,0.036669521121163284,0.909674916243564,0.9784188154054917,0.9752398486827765,0.9764660980511903,0.9762488425513091,0.9771519421547643,0.8690768817983492,0.9581096862273671,0.9764429576910051,0.9981702428776771,0.9834060654447394,0.0
0.2689414213699951,0.0,0.20257864209491006,0.8650460432966316,0.0,0.8956362646068529,0.9999999999999992,0.993835522917569,0.9706793735284814,1.0,0.9931615192017258,0.8654678180419401,0.985161155462265,0.741199164948904,0.9835280575013268,0.9836046033183115,0.9795893383320486,0.9759811588119457,0.9752473342188036,0.9767245268110346,0.9753017087740842,0.9768715394179711,0.8714537130657253,0.9566234886249981,0.9994892250610601,0.972327034920454,0.9829082915881531,0.0
0.7310585786300049,1.0,0.20257864209491006,0.7382454776165841,1.0,0.6967098057324486,0.9999986046532073,0.9986743268010131,0.9976955490869038,1.0,0.7770421303844088,0.7389439507700846,0.8822784721851349,0.6224719938122181,0.7357014875615389,0.9592455837785274,0.9940815549635114,0.9392317090321077,0.975246040315943,0.976850960530073,0.9891236851137755,0.06288560714919444,0.8715511895238499,0.9587556866899701,0.9910208180660293,0.9901346825063229,0.9831426345363935,0.0
0.7310585786300049,1.0,0.20257864209491006,0.8647258936378315,1.0,0.9384874301325914,0.9999999971975001,0.9999999948054011,0.9999907885022437,1.0,0.9912976681977763,0.8651485129759109,0.9945959448814392,0.9684265496491611,0.9835055675475752,0.9889329514612913,0.9803609995969206,0.9860449724303793,0.9752499902200717,0.9767261943525223,0.9752994434335975,0.981524114824335,0.8714520870606477,0.9565611290313093,0.9998580611709118,0.999376178428065,0.983243984290662,0.0
0.7310585786300049,1.0,0.20257864209491006,0.6814813746075157,1.0,0.6894309138077754,2.8709479238386848e-11,0.9999271964770761,0.9865196414352008,1.0,0.7844255848311523,0.6822661270373893,0.8631056547164917,0.740549762429981,0.010545265759951516,0.9825910881553722,0.0038315082220896635,0.9795683509269187,0.9752376282428199,0.976676494757986,0.9968663440551544,0.9767636233649304,0.07703006379965005,0.9586624477825463,0.9932102775047444,0.9845782350748777,0.9832266057827487,0.0
0.2689414213699951,0.0,0.20257864209491006,0.7133603081769349,0.0,0.7746412805566124,0.9999999753797194,0.99986893053361,0.9958124167674189,1.0,0.9920868635651835,0.7140994692116066,0.9983398020267487,0.7823839870539087,0.9834329059293502,0.9878813424993271,0.9965825925422435,0.9794141802969092,0.9752454471831623,0.9767212026247859,0.9753515000643131,0.9818977320310908,0.871515879405784,0.9565889157821186,0.9997054519568097,0.9986267618369311,0.9832492369618631,0.0
0.7310585786300049,1.0,0.20257864209491006,0.28856281118955074,1.0,0.5181483863248668,0.0,0.995970310446883,0.9968874719997763,1.0,0.0017701994891331507,0.28930606668722636,0.9519304931163788,0.6150224996947435,0.9858337152277695,0.9888335673757004,0.9988837259813429,0.7595456784125361,0.9752158416229056,0.977343312593083,0.986651993137743,0.8435796344475048,0.08429751611639191,0.9586867526887062,0.8668675000695613,0.9235054701566696,0.9830666485997028,0.0
0.7310585786300049,1.0,0.20257864209491006,0.5686207396143762,1.0,0.762448254848607,0.9988654609799067,0.999988739190365,0.998097201144924,1.0,0.9552711866594495,0.569507901840379,0.9485438466072083,0.7451560638427028,0.00560039431829884,0.04332855937730962,0.9878407578459323,0.9828328432798548,0.9752664361911808,0.9181003836044626,0.978481845493488,0.9889104876151583,0.8672598798483251,0.9608793719691691,0.5810410039905756,0.9964530854485929,0.9830402739812343,0.0
0.7310585786300049,1.0,0.20257864209491006,0.2689194555900042,1.0,0.3074237622817312,0.8742707485363966,0.9458519608580432,0.9981067835722727,0.0,0.3331080968108936,0.2696312909275065,0.31120777130126953,0.627482893573349,0.9835344746785738,0.9843815839232487,0.999865305878361,0.8841835295354712,0.9779604074824536,0.7950589972482119,0.9894508035523578,0.9658323155954067,0.04635880680952709,0.9624641583324917,0.827139175100569,0.966128658503294,0.9827851853366071,0.0
0.7310585786300049,1.0,0.20257864209491006,0.8587623645553119,1.0,0.7118287548545378,0.9999999869702736,0.9999841938241971,0.9900582585720764,1.0,0.9823633671368435,0.859200581358732,0.8984807431697845,0.7626963651818616,0.9419203037434232,0.9860895952047444,0.9991655051148274,0.9811061183669788,0.975240863992454,0.9851945238587164,0.975776916299154,0.9882480216190598,0.8714534020441997,0.9580681406678826,0.7411707626766945,0.9946722388267517,0.9832530665434144,0.0
0.7310585786300049,1.0,0.20257864209491006,0.692892369717602,1.0,0.6116741707013207,6.8784837814472866e-06,0.9990463743011351,0.9605893700109401,1.0,0.9958479857719624,0.693661645950959,0.9989137053489685,0.6886833097152009,0.01632895568177306,0.8057009646290927,0.9999785482535873,0.9756933476081765,0.9752457992155992,0.9766655216350005,0.9857781039266952,0.9790931099527884,0.07769056512724914,0.9568668182902595,0.9975317983179807,0.9860691167414188,0.9833333286103597,0.0
0.7310585786300049,1.0,0.20257864209491006,0.8050424329127731,1.0,0.9454674087816946,0.9999999710144332,0.9999999984030488,0.9999881716353762,1.0,0.9661325329161947,0.8056095970397642,0.9907285571098328,0.9766403823427307,0.983521696843821,0.9832938154833052,0.5332955661928713,0.992631317801148,0.9752505211162718,0.9765767053768002,0.9753489885706513,0.9768993672939065,0.8715703662980294,0.95689345172648,0.9942897807181165,0.9998552323522745,0.9832487756907605,0.0
0.7310585786300049,1.0,0.20257864209491006,0.5214775523257632,1.0,0.6276507621190779,0.9999997345660657,0.9998383449810198,0.9966335778363898,1.0,0.7142763053688567,0.5223802307760739,0.858376145362854,0.7828804678216594,0.9835159909657871,0.9964683495906309,0.9857853057269189,0.9753025508720329,0.9752581857680536,0.9779190624832338,0.9753796454962761,0.9770207764229181,0.8719216430348762,0.957993779448305,0.9592297332650379,0.9948314623907208,0.9831213065446929,0.0
0.7310585786300049,1.0,0.20257864209491006,0.8598204647383973,1.0,0.8214958158887433,0.9999999977475003,0.9999976981107132,0.9998370916565873,1.0,0.993935468433189,0.8602559328103319,0.9981273114681244,0.7560614637873826,0.8558436046077256,0.9989578641502657,0.999778772146901,0.9743431223297323,0.9752498389551739,0.9767366450090506,0.9753062459808192,0.9801911188648416,0.871453092343631,0.9566733490835573,0.9991377962827042,0.998639609082602,0.983049785296824,0.0
0.7310585786300049,1.0,0.20257864209491006,0.7444465796400681,1.0,0.7321236731667912,0.999853021348348,0.9995577934914665,0.9867306921961647,1.0,0.9321119741507877,0.7451342182153323,0.979769766330719,0.775514945537048,0.015467924332274618,0.011365077448810768,0.5244768246136027,0.9879756724405273,0.9752404278882605,0.9775668413927082,0.9753761694972956,0.976773676490938,0.8714719473657164,0.9570324670844007,0.9919804944134588,0.9941459810361266,0.9828665330215965,0.0
0.7310585786300049,1.0,0.20257864209491006,0.7158759381778242,1.0,0.8659995491726176,0.9999999980080472,0.9999986210923939,0.9993577016378933,1.0,0.9928607487102028,0.716611189181253,0.9863793551921844,0.786024550803946,0.9972672621859565,0.9575977887208453,0.8455965115101781,0.9763405896652028,0.9752382673005524,0.9765257161812055,0.9753838953941781,0.9828923264502085,0.871516659084598,0.95691984775528,0.9966967963703052,0.9965843183454126,0.9832469193842862,0.0
0.7310585786300049,1.0,0.20257864209491006,0.8410873020004339,1.0,0.8721114657915034,0.9999999999999998,0.9994716142363935,0.9995959657770769,1.0,0.9935998608294754,0.8415702418000971,0.999915101325314,0.8414506486234017,0.824714893654066,0.9832530016890173,0.3294976591711978,0.975903169910938,0.9752463596760812,0.9766685928646769,0.9905924287744448,0.9767123204700648,0.8714606418444287,0.9567204032883162,0.9986599830242147,0.9980871739098802,0.9832270036475451,0.0
0.7310585786300049,1.0,0.20257864209491006,0.650794389378313,1.0,0.5660381619311777,0.9999999729739287,0.3237592676508909,0.7050748934445048,1.0,0.9745278186688576,0.651616096484729,0.9304832518100739,0.6311546469663923,0.9853229204219429,0.9901556827917324,0.9951484820704395,0.9759155939375624,0.9752375761919103,0.9764904017731414,0.9756236836657739,0.9767556391375937,0.8716063211575553,0.959060233268856,0.944479503368145,0.5282128155231476,0.9834872592168858,0.0
0.2689414213699951,0.0,0.20257864209491006,0.6136752110188357,0.0,0.3945688217797467,0.0,0.12890336562439486,0.38029183090235286,1.0,0.10948756835772633,0.6145325281024774,0.0788658857345581,0.3729626312368166,0.4311623725184157,0.018550980613053936,0.644979570870525,0.8858124117683013,0.06570218191515331,0.8556491524715604,0.8771807006920553,0.02961056148064689,0.07751155978412838,0.03309406767306167,0.14869408063223355,0.7915274351835251,0.9294551325528612,0.0
0.7310585786300049,1.0,0.20257864209491006,0.824595299376853,1.0,0.8015678693287389,0.9999999944180904,0.9999908230671642,0.9996047029931561,0.0,0.9835844442918276,0.8251179377370366,0.994392991065979,0.7459750419383633,0.9835166166789249,0.9842535108967848,0.6584211421426502,0.9781508205549811,0.9752612342522413,0.024540657700238055,0.9758504630452431,0.9768888834397313,0.871511084681517,0.9566842366896968,0.9980149446971408,0.995846719481051,0.9833844498358896,0.0
0.7310585786300049,1.0,0.20257864209491006,0.6639321384414755,1.0,0.6793364665134174,0.9999999540957352,0.9999951138871793,0.9951674594204107,1.0,0.99573301548119,0.6647388570497625,0.9808165729045868,0.7914442583706445,0.983535348776522,0.9832350762896136,0.9968014907176157,0.9786943830830942,0.9752485903369006,0.9767284517649204,0.975340362207517,0.9767852244032647,0.8715642816098725,0.9566118804154666,0.9999146292568011,0.9902806701138616,0.9832148001189717,0.0
0.7310585786300049,1.0,0.20257864209491006,0.7044740014024276,1.0,0.6323776740316734,0.9999999999999998,0.19200488402924643,0.9544166538652008,1.0,0.9777630825034396,0.7052266086736527,0.9015803039073944,0.6739543672913206,0.9854353596398052,0.9916089799757128,0.9986457673694135,0.07570303416094903,0.9752378228542116,0.9822462078747656,0.9431111234799658,0.021498371139271666,0.8715105496530509,0.9565049403322452,0.7876999593070998,0.7365570366382599,0.9896122516578579,0.0
0.7310585786300049,1.0,0.20257864209491006,0.7864192141382299,1.0,0.8930649186551608,0.9999999325237187,0.9999976771339241,0.9999534407005117,1.0,0.9604948596142174,0.7870262235285153,0.9983294904232025,0.9800537684870404,0.9835352888403144,0.9835332571168026,0.9786817889209581,0.9754061644463571,0.9752508473980892,0.9766300972294863,0.9753222087278187,0.976824784827131,0.8715886431328352,0.9565158259944677,0.9981435080593848,0.9990510564530268,0.983240756084718,0.0
0.7310585786300049,1.0,0.20257864209491006,0.58297151758333,1.0,0.2886780182839962,0.0,0.0008072147144150277,0.16813236788538322,0.0,0.26556090494177653,0.5838507660066342,0.00022965669631958008,0.31931734756117025,0.016723816102431455,0.012517021499282022,0.007482543834174682,0.030965567234340186,0.014495473622356814,0.024579455275788753,0.02456029747518307,0.02959037532378017,0.07764407047589428,0.030493539817439075,0.16667046693235943,0.11821949481964111,0.014537228104515298,0.0
0.7310585786300049,1.0,0.20257864209491006,0.782452141256013,1.0,0.6840423110707023,0.9999352584559609,0.9998081950832072,0.9988737107366789,0.0,0.946063906882815,0.7830673152056169,0.47621750831604004,0.7810890773336088,0.9692549005147304,0.9941820225323267,0.9862441650981947,0.9766133785356053,0.14086023671912073,0.9889803259773201,0.014020429656636635,0.9779037617479179,0.8715028226793161,0.30639172158923467,0.3030896132100215,0.9949541119858623,0.982985696892242,0.0
0.7310585786300049,1.0,0.20257864209491006,0.6148350138176077,1.0,0.5379523047561175,0.999484565540829,0.9998294333057886,0.9961603889443622,1.0,0.784548350231874,0.615691368924417,0.9511888921260834,0.7324965876220344,0.15459231248557892,0.00768707566312532,0.9711354075017699,0.9882541834469698,0.9752074190239395,0.9778913762427914,0.986853441142856,0.9768842368898918,0.8640202677861609,0.9584105345229627,0.9690687855216195,0.997700521023944,0.9832633746075096,0.0
0.7310585786300049,1.0,0.20257864209491006,0.7998678636768886,1.0,0.7944937913862863,0.9999998935399853,0.9999415071728209,0.9989441136405903,1.0,0.9859912749861112,0.8004463499873842,0.9996823370456696,0.8281958779459384,0.9999973383848669,0.9832627509764701,0.9871407122399385,0.9759218408767293,0.9752451440510121,0.9766061551857014,0.9753285105212625,0.9768222414753815,0.8715522624054658,0.9566534464816583,0.9984622145252128,0.9983810419216752,0.9830373620552725,0.0
0.7310585786300049,1.0,0.20257864209491006,0.6010962301171741,1.0,0.9252639707184653,0.999999985637877,0.9999999850676203,0.9999954746715588,1.0,0.9917884910170901,0.6019633561439431,0.9940729141235352,0.9694759097324969,0.9769830632127103,0.9857498282406892,0.8867264540365798,0.9823133775280694,0.9752468494014235,0.9765990246384811,0.9753002133886817,0.9771273335509749,0.8719776345461603,0.956620740995124,0.9993654425024112,0.999019495327957,0.983240441631806,0.0
0.7310585786300049,1.0,0.20257864209491006,0.5262838725929966,1.0,0.7257253883794004,0.9999422245116011,0.9997187569846232,0.9834051551252558,1.0,0.8763394618836199,0.5271857049679949,0.9743922650814056,0.7274991773762098,0.01558383132021357,0.8068048286842118,0.07196862836272255,0.9753153863078694,0.9752418278398283,0.9764761397913807,0.9861471225235956,0.9767966581090257,0.8718638773452994,0.9569573488903615,0.9994707924934164,0.9832086227834225,0.9832226861277298,0.0
0.7310585786300049,1.0,0.20257864209491006,0.7508170690949183,1.0,0.8070312504756039,1.0,0.9938663933749531,0.9219376071380554,1.0,0.996240200724766,0.7514932881773033,0.9966083467006683,0.7015222798811429,0.9880786874270496,0.992012074099465,0.005036406697279339,0.9782211313148139,0.9752452228149893,0.9766966869892055,0.9753656307255039,0.9769225875475622,0.8715564904039335,0.9568042223291292,0.9981939763356454,0.9736693575978279,0.9802162593730432,0.0
0.7310585786300049,1.0,0.20257864209491006,0.8690342459805489,1.0,0.9742689610131471,0.9999999995111669,0.9999997467296629,0.9982119485294123,1.0,0.9996529138055532,0.8694454374599022,0.9994454085826874,0.95444349274339,0.9835105489082165,0.9833261613607955,0.9806047461405207,0.97534962114211,0.9752469853951681,0.976760745242464,0.9753226758934839,0.9772893366119351,0.8714577269041213,0.9569682171381695,0.9970846020480962,0.9990635651047342,0.9832712473009599,0.0
0.7310585786300049,1.0,0.20257864209491006,0.5457689910483623,1.0,0.3371683385626848,0.0033701588062314825,0.49895933147550187,0.9743963688388212,0.0,0.2932246443991434,0.5466656816458216,0.5747847557067871,0.6069722249019325,0.9119786141135017,0.200975049831692,0.2589329896185365,0.9229212641159892,0.01918642310831986,0.0704966596910438,0.5060052949660876,0.967126561441579,0.08550718272455593,0.14815082034547633,0.45862973818821795,0.7363917529582977,0.9425009486839507,0.0
0.7310585786300049,1.0,0.20257864209491006,0.8259681221545867,1.0,0.8464364839337092,0.9999997058104307,0.9999956384274745,0.9998421022971066,1.0,0.9407903913247964,0.8264875307572435,0.9999281904019881,0.7735274286157965,0.016445070885929614,0.5,0.8870401745556541,0.9759363296045074,0.9752435707117948,0.9765499311085276,0.9908912284878278,0.976761529251456,0.8714962256582675,0.9563691674325253,0.999452794078268,0.9970464480575174,0.9833715866388817,0.0
0.7310585786300049,1.0,0.20257864209491006,0.8879062200211602,1.0,0.8930455798026189,0.9999999999053923,0.9999828060874318,0.9997733577983873,1.0,0.9972916807643836,0.888265777619592,0.9988607168197632,0.7534343105411823,0.9838045184117543,0.9964592322632186,0.9996299403580311,0.984481397810704,0.975249544031185,0.9766023170769877,0.9753094796264098,0.9664759606774294,0.8716393886833442,0.9567636900969861,0.9987596284056475,0.9950045770965517,0.9830921112945598,0.0
0.7310585786300049,1.0,0.20257864209491006,0.3741204368359412,1.0,0.6501612423300067,0.0,0.9998410844231157,0.9852010490158959,1.0,0.5119350367699804,0.374967915758491,0.974220871925354,0.7028947463611912,0.9931741737129148,0.9991498611453372,0.41482240416528227,0.9875031092085828,0.9752500052231564,0.976625155970399,0.9979272880152344,0.9777596487766719,0.08380440840650527,0.9610526537043051,0.9996277253739064,0.9949396438896656,0.9832499461723304,0.0
0.2689414213699951,0.5846153846153845,0.20257864209491006,0.8260601440356605,1.0,0.6374048327948507,0.999999986319806,0.9989667831266699,0.9772513114564126,1.0,0.9579504948134163,0.8265793356580429,0.9179171919822693,0.6702755256353766,0.020956586627348228,1.7993688627981896e-06,0.43268671465066466,0.9802712891325124,0.9752387867088544,0.9831455416657531,0.9757417156947649,0.024231267358364783,0.8715005349551191,0.9564520577479029,0.7953000899772082,0.9930091821588576,0.9830150182093096,0.0
0.7310585786300049,1.0,0.20257864209491006,0.7123955945272282,1.0,0.6079555655616279,0.9999967833090566,0.9939132139786152,0.9906874091763572,1.0,0.8830472713970785,0.7131362428932859,0.8171545565128326,0.653133149976042,0.016832309491729647,0.7774991290137355,0.04690956410595615,0.9871507995003076,0.9750199996374036,0.9794971701812928,0.9799261364271878,0.023527529210223497,0.8715194528247608,0.9577811925933656,0.9163222992921435,0.9745585918426514,0.9830768651192803,0.0
0.7310585786300049,1.0,0.20257864209491006,0.8697301218462423,1.0,0.9287789010389851,0.9999999999930166,0.9999999999438476,0.9999377222271788,1.0,0.9990133931515126,0.8701394549745808,0.9988366365432739,0.981177711065536,0.9849789209738145,0.9948063633126691,0.9999036178112058,0.9968199647585914,0.9752517594809463,0.9765187779630775,0.9905536154106367,0.9772971802978447,0.8714546845393664,0.9567202828749287,0.9993590275032621,0.9997216335032135,0.9832535019299833,0.0
0.7310585786300049,1.0,0.20257864209491006,0.8567755378210002,1.0,0.7266135806809968,0.9999999972483846,0.9957426720396714,0.9851580126789818,1.0,0.9431611852683143,0.8572188941997403,0.9928257167339325,0.7739161415126914,0.05245301653049239,0.25990438647354286,0.9792665304884073,0.8894328373589526,0.9752406979678354,0.9832616748945979,0.9757866786255859,0.9767681428176129,0.8714513169496447,0.9568693201395813,0.8652144189916854,0.9938347637653351,0.9832804098119651,0.0
0.7310585786300049,1.0,0.20257864209491006,0.48150289824060055,1.0,0.6310772132872755,0.9987449267771631,0.9679985193622637,0.9926964224583442,1.0,0.8923048718975883,0.482406138287524,0.8547263741493225,0.6323879846978953,0.015667243755702165,0.991233322226704,0.03410867426938369,0.9760685147163487,0.9752642991397602,0.9768516653164019,0.9787460224860532,0.9769039997926032,0.8227708126707338,0.9568243981980281,0.9983572683716535,0.9760818649083376,0.9828135739272182,0.0
0.7310585786300049,1.0,0.20257864209491006,0.8099243233828897,1.0,0.8175004620501027,0.9999999871544487,0.9967305501919789,0.985968102726059,1.0,0.9803399129577866,0.8104806286995909,0.953732430934906,0.73238835497266,0.007033140863324183,0.029896681260827562,0.08239996849527831,0.9586308689482358,0.9752399925694428,0.979811240877346,0.9755000331596908,0.9817153549859019,0.8715469896455805,0.958632098085199,0.9701696918951624,0.9670789465308189,0.9918250852027753,0.0
0.7310585786300049,1.0,0.20257864209491006,0.621665428846931,1.0,0.610298729614501,0.9999994225447518,0.18473139947724027,0.8670238605147007,1.0,0.8288774204548501,0.622515921404006,0.7871211767196655,0.6287651759922053,0.01077889571178281,0.7560556658659949,0.7512411064100797,0.9904350617720387,0.9765464468759406,0.9769661594319291,0.9766380585614686,0.9795921144843154,0.8717919749965448,0.9444910705636166,0.5539982694662418,0.9617595262825489,0.9828467795707992,0.0
0.7310585786300049,1.0,0.20257864209491006,0.7226709498454089,1.0,0.9123352350030921,5.972466965431522e-11,0.999999942405818,0.9998703510442511,1.0,0.9052578491681917,0.7233954110603626,0.9914659559726715,0.938881616154593,0.9835068542829377,0.9889740787764021,0.9990606314947975,0.9789215307833273,0.9752391802624915,0.9765107314204284,0.9886516634962175,0.9833919357937895,0.08577522417882155,0.9566205631318804,0.999162136572426,0.997844825964421,0.9833365259651666,0.0
0.2689414213699951,0.0,0.20257864209491006,0.20398324201824913,0.0,0.26031218928905375,0.21613877343802113,0.5856590701939941,0.1877359048630306,1.0,0.11285823356579427,0.20457128749728548,0.04327690601348877,0.34728001050001067,0.01653856198148973,0.4743601126124527,2.1268163341581214e-07,0.03119000138978012,0.023059288460165916,0.012310354620484465,0.02962728795521341,0.029467208633705444,0.08385354273878975,0.03296970214752337,0.16918141046659607,0.5738592445850372,0.973236480304566,0.0
0.7310585786300049,1.0,0.20257864209491006,0.48503244442516424,1.0,0.5613044840071939,0.008292289129499864,0.998549794091807,0.9348161044526506,1.0,0.6446704204102656,0.4859361002625944,0.9999758959129394,0.7441318937582788,0.9721820405748443,0.9836567339090807,0.9478622433965473,0.9829858318957021,0.9752512603530401,0.9778247515903623,0.99550313661342,0.06376124310188125,0.08528167312751789,0.958099497690513,0.9631122903318992,0.9755291752517223,0.9833182364055533,0.0
0.7310585786300049,1.0,0.20257864209491006,0.7393993138014807,1.0,0.6177288597750392,0.17314886791377215,0.9998461784467875,0.9947730301702996,1.0,0.8220195553927364,0.740095791983298,0.9903131723403931,0.705511773148852,0.7820864007838984,0.9653896642507571,0.9960254395152552,0.9753014787059293,0.9752381193932396,0.9769864271923848,0.9917427202311937,0.9768237108665615,0.11454342203162393,0.9572455686329407,0.9082307380483107,0.9936883901245892,0.9832661263221927,0.0
