0.0,,,,,,,,,,,,,,,,,,,,,,,,,,,,,,,,,,,,,,,,,,,,,,,,,,,,,,,,,,,,,,,,,,,,,,,,,,,,,,,,,,,,,,,,,,,,,,,,,,,,,,,,,,,,,,,,,,,,,,,,,,,,,,,,,,,,,,,,,,,,,,,,,,,,,,,,,,,,,,,,,,,,,,,,,,,,,,,,,,,,,,,,,,,,,,,,,,,,,,,,,,,,,,,,,,,,,,,,,,,,,,,,,,,,,,,,,,,,,,,,,,,,,,,,,,,,,,,,,,,,,,,,,,,,,,,,,,,,,,,,,,,,,,,,,,,,,,,,,,,,,,,,,,,,,,,,,,,,,,,,,,,,,,,,,,,,,,,,,,,,,,,,,,,,,,,,,,,,,,,,,,,,,,,,,,,,,,,,,,,,,,,,,,,,,,,,,,,,,,,,,,,,,,,,,,,,,,,,,,,,,,,,,,,,,,,,,,,,,,,,,,,,,,,,,,,,,,,,,,,,,,,,,,,,,,,,,,,,,,,,,,,,,,,,,,,,,,,,,,,,,,,,,,,,,,,,,,,,,,,,,,,,,,,,,,,,,,,,,,,,,,,,,,,,,,,,,,,,,,,,,,,,,,,,,,,,,,,,,,,,,,,,,,,,,,,,,,,,,,,,,,,,,,,,,,,,,,,,,,,,,,,,,,,,,,,,,,,,,,,,,,,,,,,,,,,,,,,,,,,,,,,,,,,,,,,,,,,,,,,,,,,,,,,,,,,,,,,,,,,,,,,,,,,,,,,,,,,,,,,,,,,,,,,,,,,,,,,,,,,,,,,,,,,,,,,,,,,,,,,,,,,,,,,,,,,,,,,,,,,,,,,,,,,,,,,,,,,,,,,,,,,,,,,,,,,,,,,,,,,,,,,,,,,,,,,,,,,,,,,,,,,,,,,,,,,,,,,,,,,,,,,,,,,,,,,,,,,,,,,,,,,,,,,,,,,,,,,,,,,,,,,,,,,,,,,,,,,,,,,,,,,,,,,,,,,,,,,,,,,,
0.0,0.06301338005090412,0.1575334501272603,0.08188968593983545,0.1575334501272603,0.17297881710866006,0.06908298880656423,0.18904014015271234,0.1575334501272603,0.13816597761312846,0.1575334501272603,0.12602676010180824,0.1575334501272603,0.09452007007635617,0.1575334501272603,0.09452007007635617,0.12602676010180824,,,,,,,,,,,,,,,,,,,,,,,,,,,,,,,,,,,,,,,,,,,,,,,,,,,,,,,,,,,,,,,,,,,,,,,,,,,,,,,,,,,,,,,,,,,,,,,,,,,,,,,,,,,,,,,,,,,,,,,,,,,,,,,,,,,,,,,,,,,,,,,,,,,,,,,,,,,,,,,,,,,,,,,,,,,,,,,,,,,,,,,,,,,,,,,,,,,,,,,,,,,,,,,,,,,,,,,,,,,,,,,,,,,,,,,,,,,,,,,,,,,,,,,,,,,,,,,,,,,,,,,,,,,,,,,,,,,,,,,,,,,,,,,,,,,,,,,,,,,,,,,,,,,,,,,,,,,,,,,,,,,,,,,,,,,,,,,,,,,,,,,,,,,,,,,,,,,,,,,,,,,,,,,,,,,,,,,,,,,,,,,,,,,,,,,,,,,,,,,,,,,,,,,,,,,,,,,,,,,,,,,,,,,,,,,,,,,,,,,,,,,,,,,,,,,,,,,,,,,,,,,,,,,,,,,,,,,,,,,,,,,,,,,,,,,,,,,,,,,,,,,,,,,,,,,,,,,,,,,,,,,,,,,,,,,,,,,,,,,,,,,,,,,,,,,,,,,,,,,,,,,,,,,,,,,,,,,,,,,,,,,,,,,,,,,,,,,,,,,,,,,,,,,,,,,,,,,,,,,,,,,,,,,,,,,,,,,,,,,,,,,,,,,,,,,,,,,,,,,,,,,,,,,,,,,,,,,,,,,,,,,,,,,,,,,,,,,,,,,,,,,,,,,,,,,,,,,,,,,,,,,,,,,,,,,,,,,,,,,,,,,,,,,,,,,,,,,,,,,,,,,,,,,,,,,,,,,,,,,,,,,,,,,,,,,,,,,,,,,,,,,,,,,,,,,,,,,,,,,,,,,,,,,,,,,,,,,,,,,,,,,,,,,,,,,,,,,,,,,,,,,,,,,,,,,,,,,,,,,,,,,,,,,,,,,,,,,,,,,,,,,,,,,,,,,,,,,,,,,,,,,,
0.0,,,,,,,,,,,,,,,,,1.1552453009332422,1.1552453009332422,,,,,,,,,,,,,,,,,,,,,,,,,,,,,,,,,,,,,,,,,,,,,,,,,,,,,,,,,,,,,,,,,,,,,,,,,,,,,,,,,,,,,,,,,,,,,,,,,,,,,,,,,,,,,,,,,,,,,,,,,,,,,,,,,,,,,,,,,,,,,,,,,,,,,,,,,,,,,,,,,,,,,,,,,,,,,,,,,,,,,,,,,,,,,,,,,,,,,,,,,,,,,,,,,,,,,,,,,,,,,,,,,,,,,,,,,,,,,,,,,,,,,,,,,,,,,,,,,,,,,,,,,,,,,,,,,,,,,,,,,,,,,,,,,,,,,,,,,,,,,,,,,,,,,,,,,,,,,,,,,,,,,,,,,,,,,,,,,,,,,,,,,,,,,,,,,,,,,,,,,,,,,,,,,,,,,,,,,,,,,,,,,,,,,,,,,,,,,,,,,,,,,,,,,,,,,,,,,,,,,,,,,,,,,,,,,,,,,,,,,,,,,,,,,,,,,,,,,,,,,,,,,,,,,,,,,,,,,,,,,,,,,,,,,,,,,,,,,,,,,,,,,,,,,,,,,,,,,,,,,,,,,,,,,,,,,,,,,,,,,,,,,,,,,,,,,,,,,,,,,,,,,,,,,,,,,,,,,,,,,,,,,,,,,,,,,,,,,,,,,,,,,,,,,,,,,,,,,,,,,,,,,,,,,,,,,,,,,,,,,,,,,,,,,,,,,,,,,,,,,,,,,,,,,,,,,,,,,,,,,,,,,,,,,,,,,,,,,,,,,,,,,,,,,,,,,,,,,,,,,,,,,,,,,,,,,,,,,,,,,,,,,,,,,,,,,,,,,,,,,,,,,,,,,,,,,,,,,,,,,,,,,,,,,,,,,,,,,,,,,,,,,,,,,,,,,,,,,,,,,,,,,,,,,,,,,,,,,,,,,,,,,,,,,,,,,,,,,,,,,,,,,,,,,,,,,,,,,,,,,,,,,,,,,,,,,,,,,,,,,,,,,,,,,,,,,,,,,,,,,,
0.0,0.01205473357495557,,,,,,,,,,,,,,,,,,0.7049633833081487,0.020583683601144497,0.020583683601144497,0.020583683601144497,0.020583683601144497,0.020012665909689108,0.02410946714991114,0.020583683601144497,0.020583683601144497,0.020583683601144497,0.041167367202288994,0.020583683601144497,0.020583683601144497,0.020583683601144497,0.020583683601144497,0.016141721655353273,0.020583683601144497,,,,,,,,,,,,,,,,,,,,,,,,,,,,,,,,,,,,,,,,,,,,,,,,,,,,,,,,,,,,,,,,,,,,,,,,,,,,,,,,,,,,,,,,,,,,,,,,,,,,,,,,,,,,,,,,,,,,,,,,,,,,,,,,,,,,,,,,,,,,,,,,,,,,,,,,,,,,,,,,,,,,,,,,,,,,,,,,,,,,,,,,,,,,,,,,,,,,,,,,,,,,,,,,,,,,,,,,,,,,,,,,,,,,,,,,,,,,,,,,,,,,,,,,,,,,,,,,,,,,,,,,,,,,,,,,,,,,,,,,,,,,,,,,,,,,,,,,,,,,,,,,,,,,,,,,,,,,,,,,,,,,,,,,,,,,,,,,,,,,,,,,,,,,,,,,,,,,,,,,,,,,,,,,,,,,,,,,,,,,,,,,,,,,,,,,,,,,,,,,,,,,,,,,,,,,,,,,,,,,,,,,,,,,,,,,,,,,,,,,,,,,,,,,,,,,,,,,,,,,,,,,,,,,,,,,,,,,,,,,,,,,,,,,,,,,,,,,,,,,,,,,,,,,,,,,,,,,,,,,,,,,,,,,,,,,,,,,,,,,,,,,,,,,,,,,,,,,,,,,,,,,,,,,,,,,,,,,,,,,,,,,,,,,,,,,,,,,,,,,,,,,,,,,,,,,,,,,,,,,,,,,,,,,,,,,,,,,,,,,,,,,,,,,,,,,,,,,,,,,,,,,,,,,,,,,,,,,,,,,,,,,,,,,,,,,,,,,,,,,,,,,,,,,,,,,,,,,,,,,,,,,,,,,,,,,,,,,,,,,,,,,,,,,,,,,,,,,,,,,,,,,,,,,,,,,,,,,,,,,,,,,,,,,,,,,,,,,,,,,,,,,,,,,,,,,,,,,,,,,,,,,,,,,,,,,,,,,,,,,,,,,,,,,,,,,,,,,,,,,,,,,,,,,,,,,,,,,,,,,,,,,,,,,,,,,,,,,,,,,,,,,,
0.0,0.01205473357495557,,,,,,,,,,,,,,,,,,0.7049633833081487,0.020583683601144497,0.020583683601144497,0.020583683601144497,0.020583683601144497,0.020012665909689108,0.02410946714991114,0.020583683601144497,0.020583683601144497,0.020583683601144497,0.041167367202288994,0.020583683601144497,0.020583683601144497,0.020583683601144497,0.020583683601144497,0.016141721655353273,0.020583683601144497,,,,,,,,,,,,,,,,,,,,,,,,,,,,,,,,,,,,,,,,,,,,,,,,,,,,,,,,,,,,,,,,,,,,,,,,,,,,,,,,,,,,,,,,,,,,,,,,,,,,,,,,,,,,,,,,,,,,,,,,,,,,,,,,,,,,,,,,,,,,,,,,,,,,,,,,,,,,,,,,,,,,,,,,,,,,,,,,,,,,,,,,,,,,,,,,,,,,,,,,,,,,,,,,,,,,,,,,,,,,,,,,,,,,,,,,,,,,,,,,,,,,,,,,,,,,,,,,,,,,,,,,,,,,,,,,,,,,,,,,,,,,,,,,,,,,,,,,,,,,,,,,,,,,,,,,,,,,,,,,,,,,,,,,,,,,,,,,,,,,,,,,,,,,,,,,,,,,,,,,,,,,,,,,,,,,,,,,,,,,,,,,,,,,,,,,,,,,,,,,,,,,,,,,,,,,,,,,,,,,,,,,,,,,,,,,,,,,,,,,,,,,,,,,,,,,,,,,,,,,,,,,,,,,,,,,,,,,,,,,,,,,,,,,,,,,,,,,,,,,,,,,,,,,,,,,,,,,,,,,,,,,,,,,,,,,,,,,,,,,,,,,,,,,,,,,,,,,,,,,,,,,,,,,,,,,,,,,,,,,,,,,,,,,,,,,,,,,,,,,,,,,,,,,,,,,,,,,,,,,,,,,,,,,,,,,,,,,,,,,,,,,,,,,,,,,,,,,,,,,,,,,,,,,,,,,,,,,,,,,,,,,,,,,,,,,,,,,,,,,,,,,,,,,,,,,,,,,,,,,,,,,,,,,,,,,,,,,,,,,,,,,,,,,,,,,,,,,,,,,,,,,,,,,,,,,,,,,,,,,,,,,,,,,,,,,,,,,,,,,,,,,,,,,,,,,,,,,,,,,,,,,,,,,,,,,,,,,,,,,,,,,,,,,,,,,,,,,,,,,,,,,,,,,,,,,,,,,,,,,,,,,,,,,,,,,,,,,,,,,,,,,,
0.0,0.01205473357495557,,,,,,,,,,,,,,,,,,0.7049633833081487,0.020583683601144497,0.020583683601144497,0.020583683601144497,0.020583683601144497,0.020012665909689108,0.02410946714991114,0.020583683601144497,0.020583683601144497,0.020583683601144497,0.041167367202288994,0.020583683601144497,0.020583683601144497,0.020583683601144497,0.020583683601144497,0.016141721655353273,0.020583683601144497,,,,,,,,,,,,,,,,,,,,,,,,,,,,,,,,,,,,,,,,,,,,,,,,,,,,,,,,,,,,,,,,,,,,,,,,,,,,,,,,,,,,,,,,,,,,,,,,,,,,,,,,,,,,,,,,,,,,,,,,,,,,,,,,,,,,,,,,,,,,,,,,,,,,,,,,,,,,,,,,,,,,,,,,,,,,,,,,,,,,,,,,,,,,,,,,,,,,,,,,,,,,,,,,,,,,,,,,,,,,,,,,,,,,,,,,,,,,,,,,,,,,,,,,,,,,,,,,,,,,,,,,,,,,,,,,,,,,,,,,,,,,,,,,,,,,,,,,,,,,,,,,,,,,,,,,,,,,,,,,,,,,,,,,,,,,,,,,,,,,,,,,,,,,,,,,,,,,,,,,,,,,,,,,,,,,,,,,,,,,,,,,,,,,,,,,,,,,,,,,,,,,,,,,,,,,,,,,,,,,,,,,,,,,,,,,,,,,,,,,,,,,,,,,,,,,,,,,,,,,,,,,,,,,,,,,,,,,,,,,,,,,,,,,,,,,,,,,,,,,,,,,,,,,,,,,,,,,,,,,,,,,,,,,,,,,,,,,,,,,,,,,,,,,,,,,,,,,,,,,,,,,,,,,,,,,,,,,,,,,,,,,,,,,,,,,,,,,,,,,,,,,,,,,,,,,,,,,,,,,,,,,,,,,,,,,,,,,,,,,,,,,,,,,,,,,,,,,,,,,,,,,,,,,,,,,,,,,,,,,,,,,,,,,,,,,,,,,,,,,,,,,,,,,,,,,,,,,,,,,,,,,,,,,,,,,,,,,,,,,,,,,,,,,,,,,,,,,,,,,,,,,,,,,,,,,,,,,,,,,,,,,,,,,,,,,,,,,,,,,,,,,,,,,,,,,,,,,,,,,,,,,,,,,,,,,,,,,,,,,,,,,,,,,,,,,,,,,,,,,,,,,,,,,,,,,,,,,,,,,,,,,,,,,,,,,,,,,,,,,,,,,,
0.0,,,,,,,,,,,,,,,,,,,0.003646909090438016,,,,,0.00931763797414675,0.016837583333439966,,,,,,,,,,,0.04209395833359992,0.02245011111125329,0.02245011111125329,0.06735033333375987,0.05612527777813322,0.02245011111125329,0.02245011111125329,0.06735033333375987,0.04209395833359992,0.028062638889066613,0.04209395833359992,0.028062638889066613,0.012306281406837353,0.028062638889066613,0.028062638889066613,0.028062638889066613,0.02245011111125329,0.028062638889066613,0.028062638889066613,0.028062638889066613,0.02245011111125329,0.014031319444533306,0.014031319444533306,0.014031319444533306,0.028062638889066613,0.019166992826976655,0.014031319444533306,0.014031319444533306,0.014031319444533306,0.014031319444533306,0.05421786019665333,0.014031319444533306,0.014031319444533306,0.014031319444533306,0.014031319444533306,0.014031319444533306,0.20125342468325488,0.03261173290951362,0.04209395833359992,0.014031319444533306,0.014031319444533306,0.014031319444533306,0.009583496413488327,0.009583496413488327,0.014031319444533306,0.014031319444533306,0.014031319444533306,0.01673438407256008,0.014031319444533306,0.014031319444533306,0.014031319444533306,0.014031319444533306,0.014031319444533306,0.011225055555626645,0.0067772325245816665,0.014031319444533306,0.014031319444533306,0.02245011111125329,0.011225055555626645,0.028062638889066613,0.011225055555626645,0.024612562813674705,0.028062638889066613,0.014031319444533306,0.04490022222250658,0.04209395833359992,0.015030752958426125,0.011225055555626645,0.014031319444533306,0.022546129437639187,0.014031319444533306,0.014031319444533306,0.014031319444533306,0.014031319444533306,0.014031319444533306,0.04209395833359992,0.011225055555626645,0.011225055555626645,0.011225055555626645,0.014031319444533306,0.014031319444533306,0.014031319444533306,0.028062638889066613,0.02245011111125329,0.014031319444533306,0.011225055555626645,0.02245011111125329,0.011225055555626645,0.011225055555626645,0.02245011111125329,0.011225055555626645,0.014031319444533306,0.014031319444533306,0.014031319444533306,0.014031319444533306,0.009583496413488327,0.011225055555626645,0.011225055555626645,0.014031319444533306,0.011225055555626645,0.014031319444533306,0.014031319444533306,0.014031319444533306,0.028062638889066613,0.014031319444533306,0.014031319444533306,0.014031319444533306,0.014031319444533306,0.014031319444533306,0.014031319444533306,0.014031319444533306,0.014031319444533306,0.014031319444533306,0.014031319444533306,0.014031319444533306,0.014031319444533306,0.014031319444533306,0.014031319444533306,0.014031319444533306,0.014031319444533306,0.014031319444533306,0.014031319444533306,0.014031319444533306,0.014031319444533306,0.014031319444533306,0.014031319444533306,0.008418791666719983,,,,,,,,,,,,,,,,,,,,,,,,,,,,,,,,,,,,,,,,,,,,,,,,,,,,,,,,,,,,,,,,,,,,,,,,,,,,,,,,,,,,,,,,,,,,,,,,,,,,,,,,,,,,,,,,,,,,,,,,,,,,,,,,,,,,,,,,,,,,,,,,,,,,,,,,,,,,,,,,,,,,,,,,,,,,,,,,,,,,,,,,,,,,,,,,,,,,,,,,,,,,,,,,,,,,,,,,,,,,,,,,,,,,,,,,,,,,,,,,,,,,,,,,,,,,,,,,,,,,,,,,,,,,,,,,,,,,,,,,,,,,,,,,,,,,,,,,,,,,,,,,,,,,,,,,,,,,,,,,,,,,,,,,,,,,,,,,,,,,,,,,,,,,,,,,,,,,,,,,,,,,,,,,,,,,,,,,,,,,,,,,,,,,,,,,,,,,,,,,,,,,,,,,,,,,,,,,,,,,,,,,,,,,,,,,,,,,,,,,,,,,,,,,,,,,,,,,,,,,,,,,,,,,,,,,,,,,,,,,,,,,,,,,,,,,,,,,,,,,,,,,,,,,,,,,,,,,,,,,,,,,,,,,,,,,,,,,,,,,,,,,,,,,,,,,,,,,,,,,,,,,,,,,,,,,,,,,,,,,,,,,,,,,,,,,,,,,,,,,,,,,,,,,,,,,,,,,,,,,,,,,,,,,,,,,,,,,,,,,,,,,,,,,,,,,,,,,,,,,,,,,,,,,,,,,,,,,,,,,,,,,,,,,,,,,,,,,,,,,,,,,,,,,,,,,,,,,,,,,,,,,,,,,,,,,,,,,,,,,,,,,,,,,,,,,,,,,,,,,,,,,,,,,,,,,,,,,,,
0.0,,,,,,,,,0.027139745602578803,,,,,,,,,,0.5629915908363687,,,,,,,,,,,,,,,,,,,,0.03713288467285421,,,,,,,,,,,,,,,,,,,,,,,,,,,,,,,,,,0.020548719460841493,,,,,,,,,,0.01476211737829407,,,,,,,0.029892436313779847,,,,,,,,,,,,,,,,,,,,,,,,,,,,,,,,,,,,,,,,,,,,,,,,,,,,,,,,,,,,,,,,,,,,,,,,,0.061888141121423684,0.12377628224284737,0.049510512897138946,0.061888141121423684,0.061888141121423684,0.12377628224284737,0.049510512897138946,0.061888141121423684,0.061888141121423684,0.061888141121423684,0.049510512897138946,0.04227006453806459,,,,,,,,,,,,,,,,,,,,,,,,,,,,,,,,,,,,,,,,,,,,,,,,,,,,,,,,,,,,,,,,,,,,,,,,,,,,,,,,,,,,,,,,,,,,,,,,,,,,,,,,,,,,,,,,,,,,,,,,,,,,,,,,,,,,,,,,,,,,,,,,,,,,,,,,,,,,,,,,,,,,,,,,,,,,,,,,,,,,,,,,,,,,,,,,,,,,,,,,,,,,,,,,,,,,,,,,,,,,,,,,,,,,,,,,,,,,,,,,,,,,,,,,,,,,,,,,,,,,,,,,,,,,,,,,,,,,,,,,,,,,,,,,,,,,,,,,,,,,,,,,,,,,,,,,,,,,,,,,,,,,,,,,,,,,,,,,,,,,,,,,,,,,,,,,,,,,,,,,,,,,,,,,,,,,,,,,,,,,,,,,,,,,,,,,,,,,,,,,,,,,,,,,,,,,,,,,,,,,,,,,,,,,,,,,,,,,,,,,,,,,,,,,,,,,,,,,,,,,,,,,,,,,,,,,,,,,,,,,,,,,,,,,,,,,,,,,,,,,,,,,,,,,,,,,,,,,,,,,,,,,,,,,,,,,,,,,,,,,,,,,,,,,,,,,,,,,,,,,,,,,,,,,,,,,,,,,,,,,,,,,,,,,,,,,,,,,,,,,,,,,,,,,,,,,,,,,,,,,,,,,,,,,,,,,,,,,,,,,,,,,,,,,,,,,,,,,,,,,,,,,,,,,,,,,,,,,,,,,,,,,,,,,,,,,,,,,,,,,,,,,,,,,,,,,,,,,,,,,,,,,,,,,,,,,,,,,,,,,,,,,,,,,,,,,,,,,,,,,,,,,,,
0.0,,,,,,,,,,,,,,,,,,,,,,,,0.008717638559144876,,,,,,,,,,,,,,,,,,,,,,,,0.02302766293552141,,,,,,,,,,,,,,,,,,,,,,,,,0.008717638559144876,,,,,,,,,,,,,,,,,0.02536327929654048,,,,,,,,,,,,,,,,,,,,,,,,,,,,,,,,,,,,,,,,,,,,,,,,,,,,,,,,,,,,,,,,,,,,,,,,0.03150669002545206,,,,,,,,,,,,,0.08401784006787216,0.04200892003393608,0.04200892003393608,0.04200892003393608,0.02302766293552141,0.02536327929654048,0.04200892003393608,0.04200892003393608,0.08401784006787216,0.04200892003393608,0.02536327929654048,0.0358655093050245,0.04200892003393608,0.04200892003393608,0.02536327929654048,0.04200892003393608,0.06301338005090412,0.02302766293552141,0.04200892003393608,0.11250290850700766,0.04200892003393608,0.05625145425350383,0.09452007007635617,0.04200892003393608,0.0358655093050245,0.04200892003393608,0.04200892003393608,0.06301338005090412,0.028125727126751914,0.04200892003393608,0.0358655093050245,0.04200892003393608,0.04200892003393608,0.04200892003393608,0.017623497118267894,0.04200892003393608,0.04200892003393608,0.03150669002545206,0.04200892003393608,0.04200892003393608,0.0358655093050245,0.03150669002545206,0.0358655093050245,0.04200892003393608,0.04200892003393608,0.04200892003393608,0.04200892003393608,0.04200892003393608,0.0358655093050245,0.04200892003393608,,,,,,,,,,,,,,,,,,,,,,,,,,,,,,,,,,,,,,,,,,,,,,,,,,,,,,,,,,,,,,,,,,,,,,,,,,,,,,,,,,,,,,,,,,,,,,,,,,,,,,,,,,,,,,,,,,,,,,,,,,,,,,,,,,,,,,,,,,,,,,,,,,,,,,,,,,,,,,,,,,,,,,,,,,,,,,,,,,,,,,,,,,,,,,,,,,,,,,,,,,,,,,,,,,,,,,,,,,,,,,,,,,,,,,,,,,,,,,,,,,,,,,,,,,,,,,,,,,,,,,,,,,,,,,,,,,,,,,,,,,,,,,,,,,,,,,,,,,,,,,,,,,,,,,,,,,,,,,,,,,,,,,,,,,,,,,,,,,,,,,,,,,,,,,,,,,,,,,,,,,,,,,,,,,,,,,,,,,,,,,,,,,,,,,,,,,,,,,,,,,,,,,,,,,,,,,,,,,,,,,,,,,,,,,,,,,,,,,,,,,,,,,,,,,,,,,,,,,,,,,,,,,,,,,,,,,,,,,,,,,,,,,,,,,,,,,,,,,,,,,,,,,,,,,,,,,,,,,,,,,,,,,,,,,,,,,,,,,,,,,,,,,,,,,,,,,,,,,,,,,,,,,,,,,,,,,,,,,,,,,,,,,,,,,,,,,,,,,,,,,,,,,,,,,,,,,,,,,,,,,,,,,,,,,,,,,,,,,,,,,,,,,,,,,,,,,,,,,,,,,,,,,,,,,,,,,,,,,,,,,,,,,,,,,,,,,,,,,,,,,,,,,,,,,,,,,,,
0.0,,,,,,,,,,,,,,,,,,,,,,,,0.008717638559144876,,,,,,,,,,,,,,,,,,,,,,,,0.02302766293552141,,,,,,,,,,,,,,,,,,,,,,,,,0.008717638559144876,,,,,,,,,,,,,,,,,0.02536327929654048,,,,,,,,,,,,,,,,,,,,,,,,,,,,,,,,,,,,,,,,,,,,,,,,,,,,,,,,,,,,,,,,,,,,,,,,0.03150669002545206,,,,,,,,,,,,,0.08401784006787216,0.04200892003393608,0.04200892003393608,0.04200892003393608,0.02302766293552141,0.02536327929654048,0.04200892003393608,0.04200892003393608,0.08401784006787216,0.04200892003393608,0.02536327929654048,0.0358655093050245,0.04200892003393608,0.04200892003393608,0.02536327929654048,0.04200892003393608,0.06301338005090412,0.02302766293552141,0.04200892003393608,0.11250290850700766,0.04200892003393608,0.05625145425350383,0.09452007007635617,0.04200892003393608,0.0358655093050245,0.04200892003393608,0.04200892003393608,0.06301338005090412,0.028125727126751914,0.04200892003393608,0.0358655093050245,0.04200892003393608,0.04200892003393608,0.04200892003393608,0.017623497118267894,0.04200892003393608,0.04200892003393608,0.03150669002545206,0.04200892003393608,0.04200892003393608,0.0358655093050245,0.03150669002545206,0.0358655093050245,0.04200892003393608,0.04200892003393608,0.04200892003393608,0.04200892003393608,0.04200892003393608,0.0358655093050245,0.04200892003393608,,,,,,,,,,,,,,,,,,,,,,,,,,,,,,,,,,,,,,,,,,,,,,,,,,,,,,,,,,,,,,,,,,,,,,,,,,,,,,,,,,,,,,,,,,,,,,,,,,,,,,,,,,,,,,,,,,,,,,,,,,,,,,,,,,,,,,,,,,,,,,,,,,,,,,,,,,,,,,,,,,,,,,,,,,,,,,,,,,,,,,,,,,,,,,,,,,,,,,,,,,,,,,,,,,,,,,,,,,,,,,,,,,,,,,,,,,,,,,,,,,,,,,,,,,,,,,,,,,,,,,,,,,,,,,,,,,,,,,,,,,,,,,,,,,,,,,,,,,,,,,,,,,,,,,,,,,,,,,,,,,,,,,,,,,,,,,,,,,,,,,,,,,,,,,,,,,,,,,,,,,,,,,,,,,,,,,,,,,,,,,,,,,,,,,,,,,,,,,,,,,,,,,,,,,,,,,,,,,,,,,,,,,,,,,,,,,,,,,,,,,,,,,,,,,,,,,,,,,,,,,,,,,,,,,,,,,,,,,,,,,,,,,,,,,,,,,,,,,,,,,,,,,,,,,,,,,,,,,,,,,,,,,,,,,,,,,,,,,,,,,,,,,,,,,,,,,,,,,,,,,,,,,,,,,,,,,,,,,,,,,,,,,,,,,,,,,,,,,,,,,,,,,,,,,,,,,,,,,,,,,,,,,,,,,,,,,,,,,,,,,,,,,,,,,,,,,,,,,,,,,,,,,,,,,,,,,,,,,,,,,,,,,,,,,,,,,,,,,,,,,,,,,,,,,,,,,,,
0.0,,,,,,,,,,,,,,,,,,,0.6866135205724664,,,,,0.02414115293301658,0.014541549242516336,,,,,,,,,,,,,,,,,,,,,,,,,,,,,,,,,,,,,,,,,0.023412257812191212,,,,,,,,,,,,,,,,,,,,,,,,,,,,,,,,,,,,,,,,,,,,,,,,,,,,,,,,,,,,,,,,,,,,,,,,,,,,,,,,,,,,,,,,,,,,,,,,,,,,,,,,,,,,,,,,,,,,,,,,,,,,,,,,,,,,,,,,,,,,,,,,,,,,,,,,,,,,,,,0.02423591540419389,0.02423591540419389,0.02423591540419389,0.02423591540419389,0.02423591540419389,0.02423591540419389,0.02423591540419389,0.04847183080838778,0.02423591540419389,0.02423591540419389,0.04847183080838778,0.04847183080838778,0.02423591540419389,0.02423591540419389,0.02423591540419389,0.02423591540419389,0.02423591540419389,0.02423591540419389,0.02423591540419389,,,,,,,,,,,,,,,,,,,,,,,,,,,,,,,,,,,,,,,,,,,,,,,,,,,,,,,,,,,,,,,,,,,,,,,,,,,,,,,,,,,,,,,,,,,,,,,,,,,,,,,,,,,,,,,,,,,,,,,,,,,,,,,,,,,,,,,,,,,,,,,,,,,,,,,,,,,,,,,,,,,,,,,,,,,,,,,,,,,,,,,,,,,,,,,,,,,,,,,,,,,,,,,,,,,,,,,,,,,,,,,,,,,,,,,,,,,,,,,,,,,,,,,,,,,,,,,,,,,,,,,,,,,,,,,,,,,,,,,,,,,,,,,,,,,,,,,,,,,,,,,,,,,,,,,,,,,,,,,,,,,,,,,,,,,,,,,,,,,,,,,,,,,,,,,,,,,,,,,,,,,,,,,,,,,,,,,,,,,,,,,,,,,,,,,,,,,,,,,,,,,,,,,,,,,,,,,,,,,,,,,,,,,,,,,,,,,,,,,,,,,,,,,,,,,,,,,,,,,,,,,,,,,,,,,,,,,,,,,,,,,,,,,,,,,,,,,,,,,,,,,,,,,,,,,,,,,,,,,,,,,,,,,,,,,,,,,,,,,,,,,,,,,,,,,,,,,,,,,,,,,,,,,,,,,,,,,,,,,,,,,,,,,,,,,,,,,,,,,,,,,,,,,,,,,,,,,,,,,,,,,,,,,,,,,,,,,,,,,,,,,,,,,,,,,,,,,,,,,,,,,,,,,,,,,,,,,,,,,,,,,,,,,,,,,,,,,,,
0.0,,,,,,,,,,,,,,,,,,,,,,,,,,,,,,,,,,,,,,,,,,,,,,,,,,,,,,,,,,,,,,,,,,,,,,,,,,,,,,,,,,,,,,,,,,,,,,,,,0.506608584581471,,,,,,,,,,,,,,,,,,,,,,,,,,,,,,,,,,,,,,,,,,,,,,,,,,,,,,,,,,,,,,,,,,,,,,,,,,,,,,,,,,,,,,,,,,,,,,,,,,,,,,,,,,,,,,,,,,,,,,,,,,,,,,,,,,,,,,,,,,,,,,,,,,,0.9241962407465937,,,,,,,,,,,,,,,,,,,,,,,,,,,,,,,,,,,,,,,,,,,,,,,,,,,,,,,,,,,,,,,,,,,,,,,,,,,,,,,,,,,,,,,,,,,,,,,,,,,,,,,,,,,,,,,,,,,,,,,,,,,,,,,,,,,,,,,,,,,,,,,,,,,,,,,,,,,,,,,,,,,,,,,,,,,,,,,,,,,,,,,,,,,,,,,,,,,,,,,,,,,,,,,,,,,,,,,,,,,,,,,,,,,,,,,,,,,,,,,,,,,,,,,,,,,,,,,,,,,,,,,,,,,,,,,,,,,,,,,,,,,,,,,,,,,,,,,,,,,,,,,,,,,,,,,,,,,,,,,,,,,,,,,,,,,,,,,,,,,,,,,,,,,,,,,,,,,,,,,,,,,,,,,,,,,,,,,,,,,,,,,,,,,,,,,,,,,,,,,,,,,,,,,,,,,,,,,,,,,,,,,,,,,,,,,,,,,,,,,,,,,,,,,,,,,,,,,,,,,,,,,,,,,,,,,,,,,,,,,,,,,,,,,,,,,,,,,,,,,,,,,,,,,,,,,,,,,,,,,,,,,,,,,,,,,,,,,,,,,,,,,,,,,,,,,,,,,,,,,,,,,,,,,,,,,,,,,,,,,,,,,,,,,,,,,,,,,,,,,,,,,,,,,,,,,,,,,,,,,,,,,,,,,,,,,,,,,,,,,,,,,,,,,,,,,,,,,,,,,,,,,,,,,,,,,,,,,,,,,,,,,,,,,,,,,,,,,,
0.0,,,0.0014552286677515186,,,0.004910584018560301,0.006718712574086707,,0.0024552920092801504,,0.004479141716057805,,,,,,,,,,,,,0.004647529441870451,0.0022395708580289025,,,,,,,,,,,,,,,,,,,,,,,0.004910584018560301,,,,0.004479141716057805,,,,,,,,,,,,,,0.010817295208863792,,,,,,,0.026955670762848615,,,,,,,,,,0.02003259870398549,,,,,,,0.005408647604431896,,,,,,,0.0024552920092801504,,,,,0.020992061280386727,,,0.008996597691594312,,,,,,,,,,,,,,,,,0.004479141716057805,,,,,,,,,0.0038241092312303994,,0.004479141716057805,,,,,,,,,,,,,,,,,,,,,,,,,,,,,0.0033593562870433535,,,0.004479141716057805,,,,,,,,0.00895828343211561,,,,,,0.024552920092801505,0.04326918083545517,,,,,0.013521619011079738,,,,0.016225942813295684,,0.01007806886113006,0.014731752055680902,,,,,0.030234206583390183,,,,,0.01007806886113006,,,0.011472327693691197,,,,0.011274482809101915,,,,,,0.0038241092312303994,0.006718712574086707,0.0038241092312303994,,,,,,0.015296436924921598,,,,,,,,,,,,,,,,,,,,,,0.019120546156151996,0.005598927145072256,0.004479141716057805,0.005598927145072256,0.01791656686423122,0.005598927145072256,0.02676876461861279,0.007648218462460799,0.005598927145072256,0.0038241092312303994,0.006718712574086707,0.005598927145072256,0.005598927145072256,0.005598927145072256,0.005598927145072256,0.005598927145072256,0.004479141716057805,0.005598927145072256,0.005598927145072256,0.00895828343211561,0.005598927145072256,0.005598927145072256,0.005598927145072256,0.06158819859579482,0.01499432948599052,0.005598927145072256,0.011197854290144513,0.004479141716057805,0.0038241092312303994,0.004479141716057805,0.005598927145072256,0.005598927145072256,0.005598927145072256,0.005598927145072256,0.00895828343211561,0.005598927145072256,0.01679678143521677,0.005598927145072256,0.011197854290144513,0.011197854290144513,0.005598927145072256,0.005598927145072256,0.0033593562870433535,0.005598927145072256,0.005598927145072256,0.0038241092312303994,0.008996597691594312,0.005598927145072256,0.005598927145072256,0.01679678143521677,0.01791656686423122,0.005598927145072256,0.005598927145072256,0.00895828343211561,0.01679678143521677,0.005598927145072256,0.01679678143521677,0.005598927145072256,0.01679678143521677,0.005598927145072256,0.005598927145072256,0.005598927145072256,0.0038241092312303994,0.005598927145072256,0.005598927145072256,0.005598927145072256,0.005598927145072256,0.005598927145072256,0.005598927145072256,0.005598927145072256,0.005598927145072256,0.005598927145072256,0.04479141716057805,0.005598927145072256,0.005598927145072256,0.00895828343211561,0.005598927145072256,0.0038241092312303994,0.11695576999072606,0.0038241092312303994,0.005598927145072256,0.005598927145072256,0.005598927145072256,0.011197854290144513,0.011197854290144513,0.01679678143521677,0.005598927145072256,0.013437425148173414,0.011197854290144513,0.005598927145072256,0.004479141716057805,0.027994635725361282,0.011472327693691197,0.005598927145072256,0.021634590417727584,0.011197854290144513,0.005598927145072256,0.011197854290144513,0.011197854290144513,0.005598927145072256,0.005598927145072256,0.0038241092312303994,0.03359356287043354,0.005598927145072256,0.005598927145072256,0.03135399201240463,0.011197854290144513,0.0033593562870433535,0.005598927145072256,0.005598927145072256,0.005598927145072256,0.005598927145072256,0.011197854290144513,0.005598927145072256,0.005598927145072256,0.005598927145072256,0.011197854290144513,0.005598927145072256,0.01679678143521677,0.026874850296346828,0.011197854290144513,0.01679678143521677,0.005598927145072256,0.005598927145072256,0.011197854290144513,0.005598927145072256,0.005598927145072256,0.005598927145072256,0.022395708580289025,0.005598927145072256,0.005598927145072256,0.005598927145072256,0.005598927145072256,0.005598927145072256,0.005598927145072256,0.004479141716057805,0.005598927145072256,0.005598927145072256,0.005598927145072256,0.005598927145072256,0.005598927145072256,0.005598927145072256,0.005598927145072256,0.005598927145072256,0.03359356287043354,0.011197854290144513,0.004479141716057805,0.005598927145072256,0.011197854290144513,0.005598927145072256,0.005598927145072256,0.01679678143521677,0.01679678143521677,0.005598927145072256,0.005598927145072256,0.005598927145072256,0.01679678143521677,0.005598927145072256,0.005598927145072256,0.005598927145072256,0.0033593562870433535,0.005598927145072256,0.005598927145072256,0.011197854290144513,0.005598927145072256,0.005598927145072256,0.005598927145072256,0.005598927145072256,0.005598927145072256,0.005598927145072256,0.005598927145072256,0.005598927145072256,0.005598927145072256,0.005598927145072256,0.005598927145072256,0.005598927145072256,0.005598927145072256,0.005598927145072256,0.005598927145072256,0.005598927145072256,0.005598927145072256,0.011197854290144513,0.027994635725361282,0.005598927145072256,0.005598927145072256,0.005598927145072256,0.005598927145072256,0.011197854290144513,0.004479141716057805,0.005598927145072256,0.005598927145072256,0.005598927145072256,0.005598927145072256,0.005598927145072256,0.011197854290144513,0.005598927145072256,0.005598927145072256,0.005598927145072256,0.005598927145072256,0.011197854290144513,0.011197854290144513,0.005598927145072256,0.005598927145072256,0.005598927145072256,0.005598927145072256,0.005598927145072256,0.005598927145072256,0.005598927145072256,0.005598927145072256,0.005598927145072256,0.005598927145072256,0.0038241092312303994,0.005598927145072256,0.005598927145072256,0.011197854290144513,0.011197854290144513,0.011197854290144513,0.006718712574086707,0.011197854290144513,0.005598927145072256,0.0038241092312303994,0.005598927145072256,0.005598927145072256,0.005598927145072256,0.005598927145072256,0.011197854290144513,0.013437425148173414,0.01679678143521677,0.011197854290144513,0.011197854290144513,0.005598927145072256,0.00895828343211561,0.011197854290144513,0.011197854290144513,0.00895828343211561,0.022395708580289025,0.005598927145072256,0.022395708580289025,0.01791656686423122,0.005598927145072256,0.005598927145072256,0.0038241092312303994,0.005598927145072256,0.011197854290144513,0.005598927145072256,0.005598927145072256,0.005598927145072256,0.005598927145072256,0.004479141716057805,0.005598927145072256,0.005598927145072256,0.005598927145072256,0.005598927145072256,0.005598927145072256,0.005598927145072256,0.005598927145072256,0.004479141716057805,0.005598927145072256,0.005598927145072256,0.004479141716057805,,,,,,,,,,,,,,,,,,,,,,,,,,,,,,,,,,,,,,,,,,,,,,,,,,,,,,,,,,,,,,,,,,,,,,,,,,,,,,,,,,,,,,,,,,,,,,,,,,,,,,,,,,,,,,,,,,,,,,,,,,,,,,,,,,,,,,,,,,,,,,,,,,,,,,,,,,,,,,,,,,,,,,,,,,,,,,,,,,,,,,,,,,,,,,,,,,,,,,,,,,,,,,,,,,,,,,,,,,,,,,,,,,,,,,,,,,,,,,,,,,,,,,,,,,,,,,,,,,,,,,,,,,,,,,,,,,,,,,,,,,,,,,,,,,,,,,,,,,,,,,,,,,,,,,,,,,,,,,,,,,,,,,,,,,,,,,,,,,,,,,,,,,,,,,,,,,,,,,,,,,,,,,,,,,,,,,,,,,,,,,,,,,,,,,,,,,,,,,,,,,,,,,,,,,,,,,,,,,,,,,,,,,,,,,,,,,,,
0.0,,,,,,,,,,,,,,,,,,,0.531233090840471,,,,,0.02212939018859853,0.008886502314871094,,,,,,,,,,,,,,,,,,,,,,,,,,,,,,,,,,,,,,,,,0.03576872721306991,,,,,,,,,,,,,,,,,,,,,,,,,,,,,,,,,,,,,,,,,,,,,,,,,,,,,,,,,,,,,,,,,,,,,,,,,,,,,,,,,,,,,,,,,,,,,,,,,,,,,,,,,,,,,,,,,,,,,,,,,,,,,,,,,,,,,,,,,,,,,,,,,,,,,,,,,,,,,,,,,,,,,,,,,,,,,,,,,,,,,,,,,,,,,,,,,,,,,,,,,,,,,,,,,,,,,,,,,,,,,,,,,,,,,,,,,,,,,,,,,,,,,,,,,,,,,,,,,,,,,,,,,,,,,,,,,,,,,,,,,,,,,,,,,,,,,,,,,,,,,,,,,,,,,,,,,,,,,,,,,,,,,,,,,,,,,,,,,,,,,,,,,,,,,,,,,,,,,,,,,,,,,,,,,,,,,,,,,,,,,,,,,,,,,,0.020231825761808694,,,,,,,,,,,,,,,,,,,,,,,,,,,,,,,,,,,,,,,,,,,,,,,,,0.008886502314871094,0.008886502314871094,0.008886502314871094,0.014810837191451825,0.02962167438290365,0.014810837191451825,0.02962167438290365,0.014810837191451825,0.014810837191451825,0.014810837191451825,0.014810837191451825,0.014810837191451825,0.02962167438290365,0.014810837191451825,0.014810837191451825,0.014810837191451825,0.014810837191451825,0.014810837191451825,0.014810837191451825,0.014810837191451825,0.014810837191451825,0.014810837191451825,0.014810837191451825,0.04443251157435547,0.0592433487658073,0.014810837191451825,0.014810837191451825,0.014810837191451825,0.014810837191451825,0.014810837191451825,0.014810837191451825,0.02962167438290365,0.014810837191451825,0.014810837191451825,0.014810837191451825,0.014810837191451825,0.014810837191451825,0.014810837191451825,0.014810837191451825,0.014810837191451825,0.014810837191451825,0.014810837191451825,0.014810837191451825,0.02962167438290365,0.014810837191451825,0.014810837191451825,0.014810837191451825,0.014810837191451825,0.014810837191451825,0.014810837191451825,0.014810837191451825,0.014810837191451825,0.02962167438290365,0.014810837191451825,0.014810837191451825,0.02962167438290365,0.02962167438290365,0.014810837191451825,0.014810837191451825,0.014810837191451825,0.014810837191451825,0.014810837191451825,0.014810837191451825,,,,,,,,,,,,,,,,,,,,,,,,,,,,,,,,,,,,,,,,,,,,,,,,,,,,,,,,,,,,,,,,,,,,,,,,,,,,,,,,,,,,,,,,,,,,,,,,,,,,,,,,,,,,,,,,,,,,,,,,,,,,,,,,,,,,,,,,,,,,,,,,,,,,,,,,,,,,,,,,,,,,,,,,,,,,,,,,,,,,,,,,,,,,,,,,,,,,,,,,,,,,,,,,,,,,,,,,,,,,,,,,,,,,,,,,,,,,,,,,,,,,,,,,,,,,,,,,,,,,,,,,,,,,,,,,,,,,,,,,,,,,,,,,,,,,,,,,,,,,,,,,,,,,,,,,,,,,,,,,,,,,,,,,,,,,,,,,,,,,,,,,,,,,,,,,,,,,,,,,,,,,,,,,,,,,,
0.0,,,,,0.005094422993829346,0.012207435773047493,,,,,,,0.008351170850119822,,,,,,0.7126704796450739,,,,,,,,,,,,,,,,,,,,,,,,,,,,,,,,,,,,,,,,,,,,,,,,,,,,,,0.004621398754245476,,,,,,,,,,0.0033199942698171397,,,,,,,0.013445593843949168,,,,,,,,,,,,,,,,,,,,,,,,,,,,,,,,,,,,,,,,,,,,,,,,,,,,,,,,,,,,,,,,,,,,,,,,,,,,,,,,,,,,,,,,,,,,,,,0.006722796921974584,0.009506520538681193,,,0.006722796921974584,,0.04175585425059911,,,0.022365036028501522,,,,,,,,,,,,,,,0.004671288392793899,,,0.008351170850119822,,,,0.008351170850119822,,,,,,,,,,,,,,,,,,,,,,,,,,,,,,,,,,,0.009506520538681193,,,,,,,,,,,,,,,,,,,,,,,,,,,,0.01113489446682643,,,,,,,,0.008351170850119822,,,,0.007455012009500507,,,,0.01113489446682643,,,,,,,,,,,,0.019013041077362385,,,,,,,,,,,,,0.02226978893365286,,,,,,,,,,,,,,,,,,,0.013445593843949168,,,,,,,,,,,,,,,,,,,,,,,,,,,,,,,,,,,,,,,,,,,,,,,,,,,,,,,,,,,,,,,,,,,,,,,,,,,,,,,,,,,,,,,,,,,,,,,,,,,,,,,,,,,,,,,,,,,,,0.019013041077362385,,,,,,,,,,,,,,,0.01113489446682643,,,,,,,,0.02226978893365286,,,,,,,,,,,,,,,,,,,,,,,,,0.01113489446682643,,,,,,,,,,,,,,,,,,,,,,,,,,,,,,,,,,,,,,,,,,,,,,,,,,,,,,,,,,,,,,,,0.013918618083533037,0.013918618083533037,0.007455012009500507,0.013918618083533037,0.013918618083533037,0.027837236167066074,0.013918618083533037,0.009506520538681193,0.01113489446682643,0.008351170850119822,,,,,,,,,,,,,,,,,,,,,,,,,,,,,,,,,,,,,,,,,,,,,,,,,,,,,,,,,,,,,,,,,,,,,,,,,,,,,,,,,,,,,,,,,,,,,,,,,,,,,,,,,,,,,,,,,,,,,,,,,,,,,,,,,,,,,,,,,,,,,,,,,,,,,,,,,,,,,,,,,,,,,,,,,,,,,,,,,,,,,,,,,,,,,,,,,,,,,,,,,,,,,,,,,,,,,,,,,,,,,,,,,,,,,,,,,,,,,,,,,,,,,,,,,,,,,,,,,,,,,,,,,,,,,,,,,,,,,,,,,,,,,,,,,,,,,,,,,,,,,,,,,,,,,,,,,,,,,,,,,,,,,,,,,,,,,,,,,,,,,,,,,,,,,,,,,,,,,,,,,,,
0.0,0.008393305919999337,,,,,0.0015336284094292765,0.0020983264799998343,,,,,,,,,,,,0.6971778812052388,,,,,0.00058058944995314,0.0006994421599999448,,,,,,,,,,,,,,,,,,,,,,,,,,,,,,,,,,,,,,,,,,,,,,,,0.00116117889990628,,,,,,,,,,0.0008341862494293319,,,,,,,,,,,,,0.0027977686399997793,0.0015336284094292765,,,,,0.0037463127958943013,,,0.0018731563979471507,,,,,,,,,,,,,,,,,,,,,,,,,,,,,,,,,,,,,,,,,,,,,,,,,,,,,,,,,,,,,,,,,,,,,0.002388621204976405,,,,,,,,,,,,,,,,,,0.0015336284094292765,,,,,,,,,,,,,,,,,0.0011737142379472057,,,,,,,,,,,,,,,,,,,,,,,,,,,,,,,,,,,,,,,,,,0.002388621204976405,0.002388621204976405,,0.002388621204976405,0.0020983264799998343,,,,,,,,,,,,,,0.0018731563979471507,,,,0.002388621204976405,0.0027977686399997793,,,,,,,,,,,,,,,,0.00477724240995281,,,,,,,,,,,,,,,,,,,,,,,,,,,,,,,,0.002388621204976405,0.0018731563979471507,0.002388621204976405,,,,,,,,,,,,,0.002388621204976405,,0.0016891790449764597,,,,,,,,,,,,,0.004196652959999669,,,,,,,,,,,,,,,,,,,,,,,,,,,,0.0027977686399997793,,,,,,,,,,,,,,,,,,,,,,,,,,,,,,,,,,,,,,,,,,,,,,,,,,,,,0.0027977686399997793,,,,,,,,,,,,,,,,,,,,,,,,,,,,,0.0020983264799998343,,,0.00477724240995281,,,,,,,,,,,,,,,,,,,,,,,,,,,,,,,,,,,,,,,,,,,,,,,,,,,,,,,,,,,,,,,,,,,,,,,,,,,,,,,,,,,,,,,,,,,,,,,,,,,,,,,,,,,,,,0.002388621204976405,,,0.0055955372799995585,0.016786611839998675,0.011191074559999117,0.0020983264799998343,0.0027977686399997793,0.0055955372799995585,0.0027977686399997793,0.0027977686399997793,0.0027977686399997793,0.0027977686399997793,0.0027977686399997793,0.002388621204976405,0.0027977686399997793,0.0027977686399997793,0.0027977686399997793,0.0027977686399997793,0.0027977686399997793,0.0027977686399997793,0.0027977686399997793,0.0027977686399997793,0.0027977686399997793,0.003497210799999724,0.0027977686399997793,0.003497210799999724,0.003497210799999724,0.003497210799999724,0.003497210799999724,0.003497210799999724,0.003497210799999724,0.003497210799999724,0.0027977686399997793,0.003497210799999724,0.003497210799999724,0.003497210799999724,0.00477724240995281,0.003497210799999724,0.003497210799999724,0.0027977686399997793,0.003497210799999724,0.006994421599999448,0.003497210799999724,0.003497210799999724,0.003497210799999724,0.003497210799999724,0.003497210799999724,0.003497210799999724,0.003497210799999724,0.006994421599999448,0.003497210799999724,0.003497210799999724,0.003497210799999724,0.003497210799999724,0.003497210799999724,0.003497210799999724,0.010491632399999172,0.003497210799999724,0.013988843199998897,0.006994421599999448,0.003497210799999724,0.003497210799999724,0.006994421599999448,0.003497210799999724,0.003497210799999724,0.003497210799999724,0.003497210799999724,0.003497210799999724,0.003497210799999724,0.003497210799999724,0.003497210799999724,0.003497210799999724,0.003497210799999724,0.003497210799999724,0.003497210799999724,0.003497210799999724,0.003497210799999724,0.003497210799999724,0.003497210799999724,0.003497210799999724,0.003497210799999724,0.003497210799999724,0.003497210799999724,0.003497210799999724,0.003497210799999724,0.003497210799999724,0.003497210799999724,0.003497210799999724,0.003497210799999724,0.003497210799999724,0.013988843199998897,0.003497210799999724,0.003497210799999724,0.003497210799999724,0.003497210799999724,0.003497210799999724,0.003497210799999724,0.003497210799999724,0.003497210799999724,0.003497210799999724,0.003497210799999724,0.003497210799999724,0.003497210799999724,0.003497210799999724,0.003497210799999724,0.003497210799999724,0.003497210799999724,0.003497210799999724,0.003497210799999724,0.003497210799999724,0.003497210799999724,0.003497210799999724,0.003497210799999724,0.003497210799999724,0.003497210799999724,0.003497210799999724,0.003497210799999724,0.003497210799999724,0.003497210799999724,0.006994421599999448,0.003497210799999724,0.003497210799999724,0.006994421599999448,0.003497210799999724,0.003497210799999724,0.003497210799999724,0.003497210799999724,0.003497210799999724,0.003497210799999724,0.003497210799999724,0.003497210799999724,0.003497210799999724,0.003497210799999724,0.003497210799999724,0.003497210799999724,0.003497210799999724,0.003497210799999724,0.003497210799999724,0.003497210799999724,0.003497210799999724,0.003497210799999724,0.003497210799999724,0.003497210799999724,0.003497210799999724,0.003497210799999724,0.003497210799999724,0.003497210799999724,0.0027977686399997793,0.0027977686399997793,0.0027977686399997793,0.0027977686399997793,0.0020983264799998343,0.0027977686399997793,0.0020983264799998343,0.0027977686399997793,0.0027977686399997793,,,,,,,,,,,,,,,,,,,,,,,,,,,,,,,,,,,,,,,,,,,,,,,,,,,,,,,,,,,,,,,,,,,,,,,,,,,,,,,,,,,,,,,,,,,,,,,,,,,,,,,,,,,,,,,,,,,,,,,,,,,,,,,,,,,,,,,,,,,,,,,,,,,,,,,,,,,,,,,,,,,,,,,,,,,,,,,,,,,,,,,,,,,,,,,,,,,,,,,,,,,,,,,,,
0.0,0.009653860453481131,,,,,0.002116748960646815,0.0028961581360443397,,0.00423349792129363,,,,,,,,,,0.785365428108227,,,,,0.0008013428201999468,0.0009653860453481132,,,,,,,,,,,,,,,,,,,,,,,,,,,,,,,,,,,,,,,,,,,,,,,,0.0016026856403998937,,,,,,,,,,0.0011513629152987018,,,,,,,,,,,,,0.003861544181392453,0.002116748960646815,,,,,0.002585373245634577,,,0.002585373245634577,,,,,,,,,,,,,,,,,,,,,,,,,,,,,,,,,,,,,,,,,,,,,,,,,,,,,,,,,,,,,,,,,,,,,0.003296829546144313,,,,,0.00846699584258726,0.0069943305023886,,,,,,,,,,,,0.002116748960646815,,,,,,,,,,,,,,,,,0.0016199872002864637,,,,,,,,,,,,,,,,,,,,,,,,,,,,,,,,,,,,,,,,,,,0.003296829546144313,,0.003296829546144313,0.0028961581360443397,,,,,,,,,,,,,,0.002585373245634577,,,,0.003296829546144313,,,,,,,,,,,,,,,,,0.003296829546144313,,,,,,,,,,,,,,,,,,,,,,,,,,,,,,,,0.003296829546144313,0.002585373245634577,0.003296829546144313,,,,,,,,,,,,,0.003296829546144313,,0.0023314435007962,,,,,,,,,,,,,0.005792316272088679,,,,,,,,,,,,,,,,,,,,,,,,,,,,,,,,,,,,,,,,,,,,,,,,,,,,,,,,,,,,,,,,,,,,,,,,,,,,,,,,,,,,,,,,,,,,,,,,,,,,,,,,,,,,,,0.0028961581360443397,,,0.006593659092288626,,,,,,,,,,,,,,,,,,,,,,,,,,,,,,,,,,,,,,,,,,,,,,,,,,,,,,,,,,,,,,,,,,,,,,,,,,,,,,,,,,,,,,,,,,,,,,,,,,,,,,,,,,,,,,,,,0.007723088362784906,0.019307720906962263,0.011584632544177359,0.0028961581360443397,0.003861544181392453,0.007723088362784906,0.003861544181392453,0.003861544181392453,0.003861544181392453,0.003861544181392453,0.003861544181392453,0.003296829546144313,0.003861544181392453,0.003861544181392453,0.003861544181392453,0.003861544181392453,0.003861544181392453,0.003861544181392453,0.003861544181392453,0.003861544181392453,0.003861544181392453,,,,,,,,,,,,,,,,,,,,,,,,,,,,,,,,,,,,,,,,,,,,,,,,,,,,,,,,,,,,,,,,,,,,,,,,,,,,,,,,,,,,,,,,,,,,,,,,,,,,,,,,,,,,,,,,,,,,,,,,,,,,,,0.003861544181392453,0.003861544181392453,0.003861544181392453,0.0028961581360443397,0.003861544181392453,0.0028961581360443397,0.003861544181392453,0.003861544181392453,0.0048269302267405665,0.0048269302267405665,0.003296829546144313,0.0048269302267405665,0.0048269302267405665,0.009653860453481133,0.007723088362784906,,,,,,,,,,,,,,,,,,,,,,,,,,,,,,,,,,,,,,,,,,,,,,,,,,,,,,,,,,,,,,,,,,,,,,,,,,,,,,,,,,,,,,,,,,,,,,,,,,,,,,,,,,,,,,,,,,,,,,,,,,,,,,,,,,,,,,,,,,,,,,,,,,,,,,,,,,,,,,,,,,,,,,,,,,,,,,,,,,,,,,,,,,,,,,,,,,,,,,,,,,
0.0,,,0.24566905781950632,,0.11531921140577339,,,,0.13816597761312846,,,,,,0.18904014015271234,,,,,,,,,,,,,,,,,,,,,,,,,,,,,,,,,,,,,,,,,,,,,,,,,,,,,,,,,,0.10461166270973851,,,,,,,,,,0.07515259756222435,,,,,,,,,,,,,,,,,,,,,,,,,,,,,,,,,,,,,,,,,,,,,,,,,,,,,,,,,,,,,,,,,,,,,,,,,,,,,,,,,,,,,,,,,,,,,,,,,,,,,,,,,,,,,,,,,,,,,,,,,,,,,,,,,,,,,,,,,,,,,,,,,,,,,,,,,,,,,,,,,,,,,,,,,,,,,,,,,,,,,,,,,,,,,,,,,,,,,,,,,,,,,,,,,,,,,,,,,,,,,,,,,,,,,,,,,,,,,,,,,,,,,,,,,,,,,,,,,,,,,,,,,,,,,,,,,,,,,,,,,,,,,,,,,,,,,,,,,,,,,,,,,,,,,,,,,,,,,,,,,,,,,,,,,,,,,,,,,,,,,,,,,,,,,,,,,,,,,,,,,,,,,,,,,,,,,,,,,,,,,,,,,,,,,,,,,,,,,,,,,,,,,,,,,,,,,,,,,,,,,,,,,,,,,,,,,,,,,,,,,,,,,,,,,,,,,,,,,,,,,,,,,,,,,,,,,,,,,,,,,,,,,,,,,,,,,,,,,,,,,,,,,,,,,,,,,,,,,,,,,,,,,,,,,,,,,,,,,,,,,,,,,,,,,,,,,,,,,,,,,,,,,,,,,,,,,,,,,,,,,,,,,,,,,,,,,,,,,,,,,,,,,,,,,,,,,,,,,,,,,,,,,,,,,,,,,,,,,,,,,,,,,,,,,,,,,,,,0.215193055830147,,,,,,,,,,,,,,,,,,,,,,,,,,,,,,,,,,,,,,,,,,,,,,,,,,,,,,,,,,,,,,,,,,,,,,,,,,,,,,,,,,,,,,,,,,,,,,,,,,,,,,,,,,,,,,,,,,,,,,,,,,,,,,,,,,,,,,,,,,,,,,,,,,,,,,,,,,,,,,,,,,,,,,,,,,,,,,,,,,,,,,,,,,,,,,,,,,,,,,,,,
0.0,,,0.24566905781950632,,0.11531921140577339,,,,0.13816597761312846,,,,,,0.18904014015271234,,,,,,,,,,,,,,,,,,,,,,,,,,,,,,,,,,,,,,,,,,,,,,,,,,,,,,,,,,0.10461166270973851,,,,,,,,,,0.07515259756222435,,,,,,,,,,,,,,,,,,,,,,,,,,,,,,,,,,,,,,,,,,,,,,,,,,,,,,,,,,,,,,,,,,,,,,,,,,,,,,,,,,,,,,,,,,,,,,,,,,,,,,,,,,,,,,,,,,,,,,,,,,,,,,,,,,,,,,,,,,,,,,,,,,,,,,,,,,,,,,,,,,,,,,,,,,,,,,,,,,,,,,,,,,,,,,,,,,,,,,,,,,,,,,,,,,,,,,,,,,,,,,,,,,,,,,,,,,,,,,,,,,,,,,,,,,,,,,,,,,,,,,,,,,,,,,,,,,,,,,,,,,,,,,,,,,,,,,,,,,,,,,,,,,,,,,,,,,,,,,,,,,,,,,,,,,,,,,,,,,,,,,,,,,,,,,,,,,,,,,,,,,,,,,,,,,,,,,,,,,,,,,,,,,,,,,,,,,,,,,,,,,,,,,,,,,,,,,,,,,,,,,,,,,,,,,,,,,,,,,,,,,,,,,,,,,,,,,,,,,,,,,,,,,,,,,,,,,,,,,,,,,,,,,,,,,,,,,,,,,,,,,,,,,,,,,,,,,,,,,,,,,,,,,,,,,,,,,,,,,,,,,,,,,,,,,,,,,,,,,,,,,,,,,,,,,,,,,,,,,,,,,,,,,,,,,,,,,,,,,,,,,,,,,,,,,,,,,,,,,,,,,,,,,,,,,,,,,,,,,,,,,,,,,,,,,,,,,,,0.215193055830147,,,,,,,,,,,,,,,,,,,,,,,,,,,,,,,,,,,,,,,,,,,,,,,,,,,,,,,,,,,,,,,,,,,,,,,,,,,,,,,,,,,,,,,,,,,,,,,,,,,,,,,,,,,,,,,,,,,,,,,,,,,,,,,,,,,,,,,,,,,,,,,,,,,,,,,,,,,,,,,,,,,,,,,,,,,,,,,,,,,,,,,,,,,,,,,,,,,,,,,,,
0.0,,,,,,,,,,,,,,,,,,,,,,,,,,,,,,,,,,,,,,,,,,,,,,,,,,,,,,,,,,,,,,,,,,,,,,,,,,,,,,,,,,,,,,,,,,,,,,,,,,,,,,,,,,,,,,,,,,,,,,,,,,,,,,,,,,,,,,,,,,,,,,,,,,,,,,,,,,,,,,,,,,,,,,,,,,,,,,,,,,,,,,,,,,,,,,,,,,,,,,,,,,,,,,,,,,,,,,,,,,,,,,,,,,,,,,,,,,,,,,,,,,,,,,,,,,,,,,,,,,,,,,,,,,,,,,,,,,,,,,,,,,,,,,,,,,,,,,,,,,,,,,,,,,,,,,,,,,,,,,,,,,,,,,,,,,,,,,,,,,,,,,,,,,,,,,,,,,,,,,,,,,,,,,,,,,,,,,,,,,,,,,,,,,,,,,,,,,,,,,,,,,,,,,,,,,,,,,,,,,,,,,,,,,,,,,,,,,,,,,,,,,,,,,,,,,,,,,,,,,,,,,,,,,,,,,,,,,,,,,,,,,,,,,,,,,,,,,,,,,,,,,,,,0.5198603854199589,0.5198603854199589,0.5198603854199589,,,,,,,,,,,,,,,,,,,,,,,,,,,,,,,,,,,,,,,,,,,,,,,,,,,,,,,,,,,,,,,,,,,,,,,,,,,,,,,,,,,,,,,,,,,,,,,,,,,,,,,,,,,,,,,,,,,,,,,,,,,,,,,,,,,,,,,,,,,,,,,,,,,,,,,,,,,,,,,,,,,,,,,,,,,,,,,,,,,,,,,,,,,,,,,,,,,,,,,,,,,,,,,,,,,,,,,,,,,,,,,,,,,,,,,,,,,,,,,,,,,,,,,,,,,,,,,,,,,,,,,,,,,,,,,,,,,,,,,,,,,,,,,,,,,,,,,,,,,,,,,,,,,,,,,,,,,,,,,,,,,,,,,,,,,,,,,,,,,,,,,,,,,,,,,,,,,,,,,,,,,,,,,,,,,,,,,,,,,,,,,,,,,,,,,,,,,,,,,,,,,,,,,,,,,,,,,,,,,,,,,,,,,,,,,,,
0.0,,,0.02144729869852833,,0.010067550202091326,,,,,,,,0.016503504299046314,,,,,,0.579077064860265,,,,,0.004566382102409221,0.02200467239872842,,,,,,,,,,,,,,,,,,,,,,,,,,,,,,,,,,,,0.018786695350250928,,,,,0.026571054501137642,,,,,,0.1315068674517565,0.009132764204818442,,,,,0.018786695350250928,0.018786695350250928,,,,,,,,,,,,,,,,,0.02200467239872842,,,,,,,,,,,,,,,,,,,,,,,,,,,,,,,,,,,,,,,,,,,,,,,,,,,,,,,,,,,,,,,,,,,,,,,,,,,,,,,,,,,0.012062109156701691,0.013285527250568821,,,,,0.013285527250568821,,,,0.013285527250568821,,,0.012062109156701691,,,,0.014732523733060525,,,,,,,,,,,,,0.00923135563337842,,,,,,,,,,,,,,,,,,,,,,,,,,,,,,,,,,,,,,,,,,,,,,,,,,,,,,,,,,,,,,,,,,,,,,,,,,,,,,,,,,0.014732523733060525,,,,,,,,,,,,,,,,,,,,,,,,,,,,,,,,,,,,,,,,,,,,,,,,,,,,,,,,,,,,,,,,,,,,,,,,,,,,,,,,,,,,,,,,,,,,,,,,,,,,,,,,,,,,,,,,,,,,,,,,,,,,,,,,,,,,,,,,,,,,,,,,,,,,,,,,,,,,,,,,,,,,,,,,,,,,,,,,,,,,,,,,,,,,,,,,,,,,,,,,,,,,,,,,,,,,,,,,,,,,,,,,,,,,,,,,,,,,,,,,,,,,,,,,,,,,,,,,,,,,,,,,,,,,,,,,,,,,,,,0.014732523733060525,,,,,,,0.016503504299046314,,,,,,,,,,,,,,,,,,,,,,,,,,,,,,,,,,,,,,,,,,,,,,,,,,,,,,,,,,,,,,,,,,,,,,,,,,,,,,,,,,,,,,,,,,,,,,,,,,,,,,,,,,,,,,,,,,,,,,,,,,,,,,,,,,,,,,,,,,,,,,,,,,,,,,,,,,,,,,,,,,,0.037573390700501856,0.02200467239872842,0.02200467239872842,0.018786695350250928,0.018786695350250928,0.018786695350250928,0.02200467239872842,,,,,,,,,,,,,,,,,,,,,,,,,,,,,,,,,,,,,,,,,,,,,,,,,,,,,,,,,,,,,,,,,,,,,,,,,,,,,,,,,,,,,,,,,,,,,,,,,,,,,,,,,,,,,,,,,,,,,,,,,,,,,,,,,,,,,,,,,,,,,,,,,,,,,,,,,,,,,,,,,,,,,,,,,,,,,,,,,,,,,,,,,,,,,,,,,,
0.0,,,0.02144729869852833,,0.010067550202091326,,,,,,,,0.016503504299046314,,,,,,0.579077064860265,,,,,0.004566382102409221,0.02200467239872842,,,,,,,,,,,,,,,,,,,,,,,,,,,,,,,,,,,,0.018786695350250928,,,,,0.026571054501137642,,,,,,0.1315068674517565,0.009132764204818442,,,,,0.018786695350250928,0.018786695350250928,,,,,,,,,,,,,,,,,0.02200467239872842,,,,,,,,,,,,,,,,,,,,,,,,,,,,,,,,,,,,,,,,,,,,,,,,,,,,,,,,,,,,,,,,,,,,,,,,,,,,,,,,,,,0.012062109156701691,0.013285527250568821,,,,,0.013285527250568821,,,,0.013285527250568821,,,0.012062109156701691,,,,0.014732523733060525,,,,,,,,,,,,,0.00923135563337842,,,,,,,,,,,,,,,,,,,,,,,,,,,,,,,,,,,,,,,,,,,,,,,,,,,,,,,,,,,,,,,,,,,,,,,,,,,,,,,,,,0.014732523733060525,,,,,,,,,,,,,,,,,,,,,,,,,,,,,,,,,,,,,,,,,,,,,,,,,,,,,,,,,,,,,,,,,,,,,,,,,,,,,,,,,,,,,,,,,,,,,,,,,,,,,,,,,,,,,,,,,,,,,,,,,,,,,,,,,,,,,,,,,,,,,,,,,,,,,,,,,,,,,,,,,,,,,,,,,,,,,,,,,,,,,,,,,,,,,,,,,,,,,,,,,,,,,,,,,,,,,,,,,,,,,,,,,,,,,,,,,,,,,,,,,,,,,,,,,,,,,,,,,,,,,,,,,,,,,,,,,,,,,,,0.014732523733060525,,,,,,,0.016503504299046314,,,,,,,,,,,,,,,,,,,,,,,,,,,,,,,,,,,,,,,,,,,,,,,,,,,,,,,,,,,,,,,,,,,,,,,,,,,,,,,,,,,,,,,,,,,,,,,,,,,,,,,,,,,,,,,,,,,,,,,,,,,,,,,,,,,,,,,,,,,,,,,,,,,,,,,,,,,,,,,,,,,0.037573390700501856,0.02200467239872842,0.02200467239872842,0.018786695350250928,0.018786695350250928,0.018786695350250928,0.02200467239872842,,,,,,,,,,,,,,,,,,,,,,,,,,,,,,,,,,,,,,,,,,,,,,,,,,,,,,,,,,,,,,,,,,,,,,,,,,,,,,,,,,,,,,,,,,,,,,,,,,,,,,,,,,,,,,,,,,,,,,,,,,,,,,,,,,,,,,,,,,,,,,,,,,,,,,,,,,,,,,,,,,,,,,,,,,,,,,,,,,,,,,,,,,,,,,,,,,
0.0,,,0.02224164309477012,,,,,,,,,,,,,,,,0.7450950436747991,,,,,,,,,,,,,,,,,,,,,,,,,,,,,,,,,,,,,,,,,,,,,,,,,,,,,,,,,,,,,,,,,,,,,,,,,,,,,,,,,,,,,,,,,,,,,,,,,,,,,,,,,,,,,,,,,,,,,,,,,,,,,,,,,,,,,,,,,,,,,,,,,,,,,,,,,,,,,,,,0.01876328091042485,,,,,,,,,,,,,,,,,,,,,,,,,,,,,,,,,,,,,,,,,,,,,,,,,,,,,,,,,,,,,,,,,,,,,,,,,,,,,,,,,,,,,0.034229490398021985,,,,,,,,,,,,,,,,,,,,,,,,,,,0.022917259140316372,,,,,,,,,,,,,,,,,,,,,,,,,,,,,,,,,,,,,,,,,,,,,,,,,,,,,,,,,,,,,,,,,,,,,,,,,,,,,,,,,,,,,,,,,,,,,,,,,,,,,,,,,,,,,,,,,,,,,,,,,,,,,,,,,,,,,,,,,,,,,,,,,,,,,,,,,,,,,,,,,,,,,,,,,,,,,,,,,,,,,,,,,,,,,,,,,,,,,,,,,,,,,,,,,,,,,,,,,,,,,,,,,,,,,,,,,,,,,,,,,,,,,,,,,,,,,,,,,,,,,,,,,,,,,,,,,,,,,,,,,,,,,,,,,,,,,,,,,,,,,,,,,,,,,,,,,,,,,,,,,,,,,,,,,,,,,,,,,,,,,,,,,,,,,,,,,,,,,,,,,,,,,,,,,,,,,,,,,,,,,,,,,,,,,,,,,,,,,,,,,,,,,,,,,,,,,,,,,,,,,,,,,,,,,,,,,,,,,,,,,,,,,,,,,0.058447496645225104,,,,0.029223748322612552,0.029223748322612552,,0.042786862997527486,0.042786862997527486,0.042786862997527486,0.042786862997527486,,,,,,,,,,,,,,,,,,,,,,,,,,,,,,,,,,,,,,,,,,,,,,,,,,,,,,,,,,,,,,,,,,,,,,,,,,,,,,,,,,,,,,,,,,,,,,,,,,,,,,,,,,,,,,,,,,,,,,,,,,,,,,,,,,,,,,,,,,,,,,,,,,,,,,,,,,,,,,,,,,,,,,,,,,,,,,,,,,,,,,,,,,,,,,
0.0,0.029495624704678522,,0.019165671177408295,,,,,,,,,,,,,,,,,,,,,0.07345074190258236,0.08848687411403557,,,,,,,,,0.1579828076906916,,,,,,,,,,,,,,,,,,,,,,,,,,,,,,,,,,,,,,,0.04896716126838824,,,,,,,,,,0.03517781162487097,,,,,,,,,,,,,,,,,,,,,,,,,,,,,,,,,,,,,,,,,,,,,,,,,,,,,,,,,,,,,,,,,,,,,,,,,,,,,,,,,,,,,,,,,,,,,,,,,,,,,,,,,,,,,,,0.0394957019226729,,,,,,,,,,,,,,,,,,,,,,,,,,,,,,,,,,,,,,,,,,,,,,,,,,,,,,,,,,,,,,,,,,,,,,,,,,,0.0394957019226729,,,,,,,,,,,,,,,,,,,,,,,,,,,,,,,,,,,,,,,,,,,,,,,,,,,,,,,,,,,,,,,,,,,,,,,,,,,,,,,,,,,,,,,,,,,,,,,,,,,,,,,,,,,,,,,,,,,,,,,,,,,,,,,,,,,,,,,,,,,,,,,,,,,,,,,,,,,,,,,,,,,,,,,,,,,,,,,,,,,,,,,,,,,,,,,,,,,,,,,,,,,,,,,,,,,,,,,,,,,,,,,,,,,,,,,,,,,,0.04424343705701778,0.04424343705701778,0.04424343705701778,,,,,,,,,,,,,,,,,,,,,,,,,,,,,,,,,,,,,,,,,,,,,,,,,,,,,,,,,,,,,,,,,,,,,,,,,,,,,,,,,,,,,,,,,,,,,,,,,,,,,,,,,,,,,,,,,,,,,,,,,,,,,,,,,,,,,,,,,,,,,,,,,,,,,,,,,,,,,,,,,,,,,,,,,,,,,,,,,,,,,,,,,,,,,,,,,,,,,,,,,,,,,,,,,,,,,,,,,,,,,,,,,,,,,,,,,,,,,,,,,,,,0.058991249409357044,0.23596499763742818,0.058991249409357044,0.11798249881871409,0.11798249881871409,0.058991249409357044,0.058991249409357044,0.058991249409357044,0.058991249409357044,0.058991249409357044,0.058991249409357044,0.058991249409357044,,,,,,,,,,,,,,,,,,,,,,,,,,,,,,,,,,,,,,,,,,,,,,,,,,,,,,,,,,,,,,,,,,,,,,,,,,,,,,,,,,,,,,,,,,,,,,,,,,,,,,,,,,,,,,,,,,,,,,,,,,,,,,,,,,,,,,,,,,,,,,,,,,,,,,,,,,,,,,,,,,,,,,,,,,,,,,,,,,
0.0,0.029495624704678522,,0.019165671177408295,,,,,,,,,,,,,,,,,,,,,0.07345074190258236,0.08848687411403557,,,,,,,,,0.1579828076906916,,,,,,,,,,,,,,,,,,,,,,,,,,,,,,,,,,,,,,,0.04896716126838824,,,,,,,,,,0.03517781162487097,,,,,,,,,,,,,,,,,,,,,,,,,,,,,,,,,,,,,,,,,,,,,,,,,,,,,,,,,,,,,,,,,,,,,,,,,,,,,,,,,,,,,,,,,,,,,,,,,,,,,,,,,,,,,,,0.0394957019226729,,,,,,,,,,,,,,,,,,,,,,,,,,,,,,,,,,,,,,,,,,,,,,,,,,,,,,,,,,,,,,,,,,,,,,,,,,,0.0394957019226729,,,,,,,,,,,,,,,,,,,,,,,,,,,,,,,,,,,,,,,,,,,,,,,,,,,,,,,,,,,,,,,,,,,,,,,,,,,,,,,,,,,,,,,,,,,,,,,,,,,,,,,,,,,,,,,,,,,,,,,,,,,,,,,,,,,,,,,,,,,,,,,,,,,,,,,,,,,,,,,,,,,,,,,,,,,,,,,,,,,,,,,,,,,,,,,,,,,,,,,,,,,,,,,,,,,,,,,,,,,,,,,,,,,,,,,,,,,,0.04424343705701778,0.04424343705701778,0.04424343705701778,,,,,,,,,,,,,,,,,,,,,,,,,,,,,,,,,,,,,,,,,,,,,,,,,,,,,,,,,,,,,,,,,,,,,,,,,,,,,,,,,,,,,,,,,,,,,,,,,,,,,,,,,,,,,,,,,,,,,,,,,,,,,,,,,,,,,,,,,,,,,,,,,,,,,,,,,,,,,,,,,,,,,,,,,,,,,,,,,,,,,,,,,,,,,,,,,,,,,,,,,,,,,,,,,,,,,,,,,,,,,,,,,,,,,,,,,,,,,,,,,,,,0.058991249409357044,0.23596499763742818,0.058991249409357044,0.11798249881871409,0.11798249881871409,0.058991249409357044,0.058991249409357044,0.058991249409357044,0.058991249409357044,0.058991249409357044,0.058991249409357044,0.058991249409357044,,,,,,,,,,,,,,,,,,,,,,,,,,,,,,,,,,,,,,,,,,,,,,,,,,,,,,,,,,,,,,,,,,,,,,,,,,,,,,,,,,,,,,,,,,,,,,,,,,,,,,,,,,,,,,,,,,,,,,,,,,,,,,,,,,,,,,,,,,,,,,,,,,,,,,,,,,,,,,,,,,,,,,,,,,,,,,,,,,
0.0,,,0.01553080250583086,,0.021870884921784607,,,,,,,,,,,,,,,,,,,0.009920071463854513,0.01195081345793009,,,,,,,,,,,,,,,,,,,,,,,0.026203892305938156,,,,,,,,,,,,,,,,,,,,,,,,,0.019840142927709026,,,,,,,,,,0.014253078848008067,,,,,,,,,,,,,0.02390162691586018,,,,,,,,,,,,,,,,,,,,,,,,,,,,,,,,,,,,,,,,,,,,,,,,,,,,,,,,,,,,,,,,,,,,,,,,,,,,,,,,,,,,,,,,,,,,,,,,,,,,,,,,,,,0.03200513776492459,,,,,,,,,,,,,,,,,,,,,,,,,,,,,,,,,,,,,,,,,,0.04081247610571753,,,,,,,,,,,,,,,,,,,,,,,,,,,,,,,,,,,,,,,,,,0.03585244037379027,,,,,,,,,,,,,,,,,,,,,,,,,,,,,,,,,,,,0.03200513776492459,,,,,,,,,,,,,,,,0.02886166264778744,,,,,,,0.04081247610571753,,,,,,,,,,,,,,,,,,,,,,,,,,,,,,,,,,,,,,,,,,,,,,,,,,,,,,,,,,,0.03585244037379027,,,,,,,,,,,,,,,,,,,,,,,,,,,,,,,,,,,,,,,,,,,,,,,,,,,,,,,,,,,,,,,,,,,,,,,,,,,,,,,,,0.08162495221143506,,,,,,,,,,,,,,,,,,,,,,,,,,,,,,,,,,,,,,,,,,,,,,,,,,,,,,,,,,,,,,,,,,,,,,,,,,,,,,,,,,,,0.09601541329477377,,,,,,,,,,,0.03585244037379027,,,,,,,,,,,,,,,,,,,,,,,,,,,,,,,0.04081247610571753,,,,,,,,,,,,,,,,,,,,,,,,,,,,,,,,,,,,,,,,,,,,,,,,,,,,,,,,,,,,,,,,,,,,,,,,,,,,,,,,,,,,,,,,,,,,,,,,,,,,,,,,,,,,,,,,,,,,,0.03585244037379027,,,,,0.04081247610571753,,,,,,,,,,,,,,,,,,,,,,,,,,,,,0.23901626915860183,0.04780325383172036,0.04780325383172036,0.04780325383172036,0.04780325383172036,0.04780325383172036,0.04780325383172036,0.04780325383172036,0.04780325383172036,0.04780325383172036,0.04780325383172036,0.04780325383172036,0.04780325383172036,0.04780325383172036,0.04780325383172036,0.04780325383172036,0.04780325383172036,0.04780325383172036,0.04780325383172036,0.04780325383172036,0.04780325383172036,0.04780325383172036,0.04780325383172036,0.04780325383172036,0.04780325383172036,0.04780325383172036,0.04780325383172036,0.04780325383172036,,,,,,,,,,,,,,,,,,,,,,,,,,,,,,,,,,,,,,,,,,,,,,,,,,,,,,,,,,,,,,,,,,,,,,,,,,,,,,,,,,,,,,,,,,,,,,,,,,,,,,,,,,,,,,,,,,,,,,,,,,,,,,,,,,,,,,,,,,,,,,,,,,,,,,
0.0,,,0.01553080250583086,,0.021870884921784607,,,,,,,,,,,,,,,,,,,0.009920071463854513,0.01195081345793009,,,,,,,,,,,,,,,,,,,,,,,0.026203892305938156,,,,,,,,,,,,,,,,,,,,,,,,,0.019840142927709026,,,,,,,,,,0.014253078848008067,,,,,,,,,,,,,0.02390162691586018,,,,,,,,,,,,,,,,,,,,,,,,,,,,,,,,,,,,,,,,,,,,,,,,,,,,,,,,,,,,,,,,,,,,,,,,,,,,,,,,,,,,,,,,,,,,,,,,,,,,,,,,,,,0.03200513776492459,,,,,,,,,,,,,,,,,,,,,,,,,,,,,,,,,,,,,,,,,,0.04081247610571753,,,,,,,,,,,,,,,,,,,,,,,,,,,,,,,,,,,,,,,,,,0.03585244037379027,,,,,,,,,,,,,,,,,,,,,,,,,,,,,,,,,,,,0.03200513776492459,,,,,,,,,,,,,,,,0.02886166264778744,,,,,,,0.04081247610571753,,,,,,,,,,,,,,,,,,,,,,,,,,,,,,,,,,,,,,,,,,,,,,,,,,,,,,,,,,,0.03585244037379027,,,,,,,,,,,,,,,,,,,,,,,,,,,,,,,,,,,,,,,,,,,,,,,,,,,,,,,,,,,,,,,,,,,,,,,,,,,,,,,,,0.08162495221143506,,,,,,,,,,,,,,,,,,,,,,,,,,,,,,,,,,,,,,,,,,,,,,,,,,,,,,,,,,,,,,,,,,,,,,,,,,,,,,,,,,,,0.09601541329477377,,,,,,,,,,,0.03585244037379027,,,,,,,,,,,,,,,,,,,,,,,,,,,,,,,0.04081247610571753,,,,,,,,,,,,,,,,,,,,,,,,,,,,,,,,,,,,,,,,,,,,,,,,,,,,,,,,,,,,,,,,,,,,,,,,,,,,,,,,,,,,,,,,,,,,,,,,,,,,,,,,,,,,,,,,,,,,,0.03585244037379027,,,,,0.04081247610571753,,,,,,,,,,,,,,,,,,,,,,,,,,,,,0.23901626915860183,0.04780325383172036,0.04780325383172036,0.04780325383172036,0.04780325383172036,0.04780325383172036,0.04780325383172036,0.04780325383172036,0.04780325383172036,0.04780325383172036,0.04780325383172036,0.04780325383172036,0.04780325383172036,0.04780325383172036,0.04780325383172036,0.04780325383172036,0.04780325383172036,0.04780325383172036,0.04780325383172036,0.04780325383172036,0.04780325383172036,0.04780325383172036,0.04780325383172036,0.04780325383172036,0.04780325383172036,0.04780325383172036,0.04780325383172036,0.04780325383172036,,,,,,,,,,,,,,,,,,,,,,,,,,,,,,,,,,,,,,,,,,,,,,,,,,,,,,,,,,,,,,,,,,,,,,,,,,,,,,,,,,,,,,,,,,,,,,,,,,,,,,,,,,,,,,,,,,,,,,,,,,,,,,,,,,,,,,,,,,,,,,,,,,,,,,
0.0,,,0.24566905781950632,,0.11531921140577339,,,,0.13816597761312846,,,,,,0.18904014015271234,,,,,,,,,,,,,,,,,,,,,,,,,,,,,,,,,,,,,,,,,,,,,,,,,,,,,,,,,,0.10461166270973851,,,,,,,,,,0.07515259756222435,,,,,,,,,,,,,,,,,,,,,,,,,,,,,,,,,,,,,,,,,,,,,,,,,,,,,,,,,,,,,,,,,,,,,,,,,,,,,,,,,,,,,,,,,,,,,,,,,,,,,,,,,,,,,,,,,,,,,,,,,,,,,,,,,,,,,,,,,,,,,,,,,,,,,,,,,,,,,,,,,,,,,,,,,,,,,,,,,,,,,,,,,,,,,,,,,,,,,,,,,,,,,,,,,,,,,,,,,,,,,,,,,,,,,,,,,,,,,,,,,,,,,,,,,,,,,,,,,,,,,,,,,,,,,,,,,,,,,,,,,,,,,,,,,,,,,,,,,,,,,,,,,,,,,,,,,,,,,,,,,,,,,,,,,,,,,,,,,,,,,,,,,,,,,,,,,,,,,,,,,,,,,,,,,,,,,,,,,,,,,,,,,,,,,,,,,,,,,,,,,,,,,,,,,,,,,,,,,,,,,,,,,,,,,,,,,,,,,,,,,,,,,,,,,,,,,,,,,,,,,,,,,,,,,,,,,,,,,,,,,,,,,,,,,,,,,,,,,,,,,,,,,,,,,,,,,,,,,,,,,,,,,,,,,,,,,,,,,,,,,,,,,,,,,,,,,,,,,,,,,,,,,,,,,,,,,,,,,,,,,,,,,,,,,,,,,,,,,,,,,,,,,,,,,,,,,,,,,,,,,,,,,,,,,,,,,,,,,,,,,,,,,,,,,,,,,,,,0.215193055830147,,,,,,,,,,,,,,,,,,,,,,,,,,,,,,,,,,,,,,,,,,,,,,,,,,,,,,,,,,,,,,,,,,,,,,,,,,,,,,,,,,,,,,,,,,,,,,,,,,,,,,,,,,,,,,,,,,,,,,,,,,,,,,,,,,,,,,,,,,,,,,,,,,,,,,,,,,,,,,,,,,,,,,,,,,,,,,,,,,,,,,,,,,,,,,,,,,,,,,,,,
0.0,,,,,,0.11690967336495486,,,,,,,,,,,,,,,,,,,,,,,,,,,,,,,,,,,,,,,,,,,,,,,,,,,,,,,,,,,,,,,,,,,,,,,,,,,,,,,,,,,,,,,,,,,,,,,,,,,,,,,,,,,,,,,,,,,,,,,,,,,,,,,,,,,,,,,,,,,,,,,,,,,,,,,,,,,,,,,,,,,,,,,,,,,,,,,,,,,,,,,,,,,,,,,,,,,,,,,,,,,,,,,,,,,,,,,,,,,,,,,,,,,,,,,,,,,,,,,,,,,0.21327605555690626,,,,,,,,,,,,,,,,,,,,,,,,,,,,,,,,,,,,,,,,,,,,,,,,,,,,,,,,,,,,,,,,,,,,,,,,,,,,,,,,,,,,,,,,,,,,,,,,,,,,,,,,,,,,,,,,,,,,,,,,,,,,,,,,,,,,,,,,,,,,,,,,,,,,,,,,,,,,,,,,,,,,,,,,,,,,,,,,,,,,,,,,,,,,,,,,,,,,,,,,,,,,,,,,,,,,,,,,,,,,,,,,,,,0.21327605555690626,,,,,,,,,,,,,,,,,,,,,,,,,,,,,,,,,,,,,,,,,,,,,,,,,,,,,,,,,,,,,,,,,,,,,,,,,,,,,,,,,,,,,,,,,,,,,,,,,,,,,,,,,,,,,,,,,,,,,,,,,,,,,,,,,,,,0.21327605555690626,,,,,,,,,,,,,,,,,,,,,,,,,,,,,,,,,,,,,,,,,,,,,,,,,,,,,,,,,,,,,,,,,,,,,,,,,,,,,,,,,,,,,,,,,,,,,,,,,,,,,,,,,,,,,,,,,,,,,,,,,,,,,,,,,,,,,,,,,,,,,,,,,,,,,,,,,,,,,,,,,,,,,,,,,,,,,,,,,,,,,,,0.2665950694461328,0.2665950694461328,0.2665950694461328,0.5331901388922656,0.2665950694461328,0.2665950694461328,0.2665950694461328,,,,,,,,,,,,,,,,,,,,,,,,,,,,,,,,,,,,,,,,,,,,,,,,,,,,,,,,,,,,,,,,,,,,,,,,,,,,,,,,,,,,,,,,,,,,,,,,,,,,,,,,,,,,,,,,,,,,,,,,,,,,,,,,,,,,,,,,,,,,,,,
0.0,,,0.004330704544895144,,,,,,,,,,,,,0.013329753472306641,,,,,,,,0.00829852132072445,0.00999731510422998,,,,,,,,,,,,0.053319013889226566,0.026659506944613283,0.11996778125075976,0.013329753472306641,0.09330827430614648,0.0666487673615332,,,,,,0.014613709170619358,,,,,,,,,,,,,,,,,,,,,,,,,0.011064695094299266,,,,,,,,,,0.007948832434466037,,,,,,,,,,,,,0.013329753472306641,,,,,,,,,,,,,,,,,,,,,,,,,,,,,,,,,,,,,,,,,,,,,,,,,,,,,,,,,,,,,,,,,,,,,,,,,0.07997852083383984,,,,,,,,,,,,,,,,,,,,,,,,,,,0.01784901913813102,,,,,,,0.00892450956906551,,,,,,0.00559207120098885,,,0.01999463020845996,,,,,,,,,,,,,,,,,,,,,,,,,,,,,,,,,,,0.026659506944613283,,,,,,,,,,,,,,,,,,,,,,,,,0.013329753472306641,,,,,,,,,,,,,,,,,,,,,,,,,,,,,,,,,,,,,,,,,,,,,,,,,,,,,,,,,,,,,,,,,,,,,,,,,,,,,,,,0.01999463020845996,,,,,,,,,,,,,,,,,,,,,,,,,,,,,,,,,,,,,,,,,,,,,,,,,,,,,,,,,,,,,,,,,,,,,,,,,,,,,,,,,,,,,,,,,,,,,,,,,,,,,,,,,,,,,,0.00999731510422998,,,,,,,,,,,,,,,,,,,,,0.013329753472306641,,,,,,,,,,,,,,,,,,0.026659506944613283,,,,,,,,,,,,,,,,,,,,,,,,,,,,,,,,,,,,,,,,,,,,,,,,,,,,,,,,,,,,,,,,,,,,,,,,,,0.01138040199101739,0.013329753472306641,,,,,,,,,,,,,0.01138040199101739,,,,,,,,,,,0.026659506944613283,,,,,,,,,,,,,,,,,,,,,,,,,,,,,,,,,,,,,,,,,,,,,,,,,,,,,,,,,,,,,,,,,,,,,,,,,,,,,,,,,,,,,,,,,,,,,,,,,,,,,,,,,,,,,,,,,,,,,,,,,,,0.026659506944613283,,,,0.05998389062537988,,,,,,,,,,,,,,,,0.01138040199101739,,,,,,,,,,,,,,,,,,,,,,,,,,,,,,,,,,,,,,,,,,,,,,,,,,,,,,,0.0166621918403833,0.0333243836807666,0.049986575521149906,0.0166621918403833,0.053319013889226566,0.0166621918403833,0.0166621918403833,0.0166621918403833,0.049986575521149906,0.0333243836807666,0.0333243836807666,0.0333243836807666,0.0333243836807666,0.049986575521149906,0.0333243836807666,0.0333243836807666,0.0333243836807666,0.049986575521149906,0.0166621918403833,0.0333243836807666,0.0333243836807666,0.0166621918403833,0.0166621918403833,0.0166621918403833,0.0166621918403833,0.0166621918403833,0.0166621918403833,0.0166621918403833,0.0166621918403833,0.0166621918403833,0.0166621918403833,0.0166621918403833,0.0166621918403833,0.0166621918403833,0.0166621918403833,0.0333243836807666,0.0333243836807666,0.0166621918403833,0.0166621918403833,0.0166621918403833,0.0166621918403833,0.0166621918403833,0.0166621918403833,0.0166621918403833,0.0166621918403833,0.0166621918403833,0.0166621918403833,0.0166621918403833,0.0166621918403833,0.013329753472306641,0.013329753472306641,0.0166621918403833,0.0166621918403833,0.0166621918403833,0.0166621918403833,0.0166621918403833,0.0166621918403833,0.0166621918403833,0.0166621918403833,0.0166621918403833,0.0333243836807666,0.0333243836807666,0.0333243836807666,0.0333243836807666,0.0166621918403833,0.0166621918403833,0.0166621918403833,0.0166621918403833,0.0166621918403833,0.0166621918403833,0.0166621918403833,0.0166621918403833,0.0166621918403833,0.0166621918403833,0.0166621918403833,0.0166621918403833,0.0166621918403833,0.0166621918403833,0.0166621918403833,0.0333243836807666,0.0166621918403833,0.0166621918403833,0.0166621918403833,0.0166621918403833,0.0166621918403833,0.0166621918403833,0.0166621918403833,0.0166621918403833,0.0166621918403833,0.0166621918403833,0.0166621918403833,0.0166621918403833,0.0166621918403833,0.0166621918403833,0.0166621918403833,,,,,,,,,,,,,,,,,,,,,,,,,,,,,,,,,,,,,,,,,,,,,,,,
0.0,,,,,,,,,,,,,,,,,,,,,,,,,,,,,,,,,,,,,,,,,,,,,,,,,,,,,,,,,,,,,,,,,,,,,,,,,,,,,,,,,,,,,,,,,,,,,,,,,0.506608584581471,,,,,,,,,,,,,,,,,,,,,,,,,,,,,,,,,,,,,,,,,,,,,,,,,,,,,,,,,,,,,,,,,,,,,,,,,,,,,,,,,,,,,,,,,,,,,,,,,,,,,,,,,,,,,,,,,,,,,,,,,,,,,,,,,,,,,,,,,,,,,,,,,,,0.9241962407465937,,,,,,,,,,,,,,,,,,,,,,,,,,,,,,,,,,,,,,,,,,,,,,,,,,,,,,,,,,,,,,,,,,,,,,,,,,,,,,,,,,,,,,,,,,,,,,,,,,,,,,,,,,,,,,,,,,,,,,,,,,,,,,,,,,,,,,,,,,,,,,,,,,,,,,,,,,,,,,,,,,,,,,,,,,,,,,,,,,,,,,,,,,,,,,,,,,,,,,,,,,,,,,,,,,,,,,,,,,,,,,,,,,,,,,,,,,,,,,,,,,,,,,,,,,,,,,,,,,,,,,,,,,,,,,,,,,,,,,,,,,,,,,,,,,,,,,,,,,,,,,,,,,,,,,,,,,,,,,,,,,,,,,,,,,,,,,,,,,,,,,,,,,,,,,,,,,,,,,,,,,,,,,,,,,,,,,,,,,,,,,,,,,,,,,,,,,,,,,,,,,,,,,,,,,,,,,,,,,,,,,,,,,,,,,,,,,,,,,,,,,,,,,,,,,,,,,,,,,,,,,,,,,,,,,,,,,,,,,,,,,,,,,,,,,,,,,,,,,,,,,,,,,,,,,,,,,,,,,,,,,,,,,,,,,,,,,,,,,,,,,,,,,,,,,,,,,,,,,,,,,,,,,,,,,,,,,,,,,,,,,,,,,,,,,,,,,,,,,,,,,,,,,,,,,,,,,,,,,,,,,,,,,,,,,,,,,,,,,,,,,,,,,,,,,,,,,,,,,,,,,,,,,,,,,,,,,,,,,,,,,,,,,,,,,,,,,,,
0.0,,,,,,0.011013230099597196,,,,,,,,,,,,,,,,,,,,,,,,,,,,,,,,,0.045205250906083384,,,,0.1607297809994076,,,,,,,,,,,,,0.02009122262492595,,,,,,,,,,,,,,,,,,,,,,,,,,,,,,,,,0.02009122262492595,,,,0.02009122262492595,0.02009122262492595,,,0.011013230099597196,,,0.0401824452498519,,0.04035430413838318,0.02009122262492595,,0.04035430413838318,,,,,,,0.0401824452498519,0.0401824452498519,0.02009122262492595,,,,,0.02009122262492595,,0.02009122262492595,,0.06027366787477785,0.02009122262492595,0.0401824452498519,0.02009122262492595,,,,,0.017153069667620414,0.02009122262492595,,,0.02009122262492595,,,,,,,,,,,,,,,,,,,,,,,,,,,,,,,,,,,,,,,,,,,,,,,,,,,,,,,,,,,,,,0.015068416968694463,,0.017153069667620414,,,0.015068416968694463,,,,,,,0.008428629056562905,,,,,,,,,,,,,,,,,,,,,,,,,,,,,,,,,,,,,,,,,,,,,,0.015068416968694463,,,,,,0.02009122262492595,,,,,,,,,,,,,,,,,,,,,,,,,,,,,,,,,,,,,0.02009122262492595,,,,,,,,,0.017153069667620414,,,,,,,,,,0.0401824452498519,,,,,,,,,,,,,,,0.02009122262492595,,,0.0401824452498519,,,,,,,,,,,,,,,0.02009122262492595,,,,,,,,,,,,,,0.02009122262492595,,,,,,,,,,,,,,,,,,,,,,,,,,,0.02009122262492595,,,,,,,,,,,,,,0.015068416968694463,,,,,,,,,,,,,,,,,,,,,,,,,,,,,,,,,,,,,,,,,,,,,,,,,,,,,,,,,,,,,,,,,,,,,,,,,,,,,,,,,,,,,,,,0.02009122262492595,,,,,,,,,,,,,,,,,,,,,,,,,,,,,,,,,,,,,,,,,,,,,,,,,,,,,,,,,,,,,,,,,,,,,,,,,,,,,,,,,,,,0.015068416968694463,,,,,,,,,,,,,,,,,,,,,,,,,,,,,,,,,,,,,,0.02009122262492595,,,,,,,,,,,,,,,,,,,,,,,,,,,,,,,,,,,,,,,,,,,,,,,,,,,,,,,,,,,,,,,,,,,,,,,,,,,,,,,,,,,,,,,,,,,,,,,,,,,,,,,,,,,,,,,,0.045205250906083384,,,,,,,,,,,0.02009122262492595,,,,,,,,,,,,,,,,,,,,,,,,,,,,,,,,,,,,,,,,,,,,,,,,,,,,,,,,,,,,,,,,0.02009122262492595,,,,,,,,,,,,,,,,,,,,,,,,,,,,,,,,,,,,,,,,,,,,,0.0401824452498519,0.1607297809994076,,,,,,,,,,,,,,,,,,,,,,,,,,,,,,,,,,,,,,,,,,,,,0.025114028281157438,0.1255701414057872,0.10045611312462975,0.050228056562314875,0.025114028281157438,0.050228056562314875,0.025114028281157438,0.025114028281157438,0.050228056562314875,0.025114028281157438,0.025114028281157438,0.025114028281157438,0.025114028281157438,0.025114028281157438,0.025114028281157438,0.025114028281157438,0.025114028281157438,0.025114028281157438,0.025114028281157438,0.025114028281157438,0.025114028281157438,0.025114028281157438,0.025114028281157438,0.025114028281157438,0.025114028281157438,0.025114028281157438,0.025114028281157438,0.025114028281157438,0.025114028281157438,0.025114028281157438,0.025114028281157438,0.025114028281157438,0.025114028281157438,0.025114028281157438,0.025114028281157438,0.025114028281157438,0.025114028281157438,0.025114028281157438,0.025114028281157438,0.025114028281157438,0.025114028281157438,0.050228056562314875,0.025114028281157438,0.025114028281157438,0.025114028281157438,0.025114028281157438,0.025114028281157438,0.025114028281157438
