,url,lang,status,коэффициент уникальности всех слов,наличие ip-адреса в url,использование сервисов сокраения url,наличие сертификата,хороший netloc,длина url,кол-во @ в url,кол-во ! в url,кол-во + в url,кол-во [ и ] в url,кол-во ( и ) в url,"кол-во , в url",кол-во $ в url,кол-во ; в url,кол-во пропусков в url,кол-во & в url,кол-во // в url,кол-во / в url,кол-во = в url,кол-во % в url,кол-во ? в url,кол-во _ в url,кол-во - в url,кол-во . в url,кол-во : в url,кол-во * в url,кол-во | в url,кол-во ~ в url,кол-во http токенов в url,https,соотношение цифр в url,кол-во цифр в url,кол-во фишинговых слов в url,кол-во слов в url,tld в пути url,tld в поддомене url,tld на плохой позиции url,ненормальный поддомен url,кол-во перенаправлений на сайт,кол-во перенаправлений на другие домены,случайный домен,кол-во случайных слов в url,кол-во случайных слов в хосте url,кол-во случайных слов в пути url,кол-во повторяющих последовательностей в url,кол-во повторяющих последовательностей в хосте url,кол-во повторяющих последовательностей в пути url,наличие punycode,домен в брендах,юренд в пути url,кол-во www в url,кол-во com в url,наличие порта в url,кол-во слов в url,средняя длина слова в url,максимальная длина слова в url,минимальная длина слова в url,префикс суффикс в url,кол-во поддоменов,кол-во визульно схожих доменов,степень сжатия страницы,кол-во полей ввода/вывода в основном контексте страницы,соотношение кода в странице в основном контексте страницы,кол-во всех ссылок в основном контексте страницы,соотношение внутренних ссылок на сайты со всеми в основном контексте страницы,соотношение внешних ссылок на сайты со всеми в основном контексте страницы,соотношение пустых ссылок на сайты со всеми в основном контексте страницы,соотношение внутренних CSS со всеми в основном контексте страницы,соотношение внешних CSS со всеми в основном контексте страницы,соотношение встроенных CSS со всеми в основном контексте страницы,соотношение внутренних скриптов со всеми в основном контексте страницы,соотношение внешних скриптов со всеми в основном контексте страницы,соотношение встроенных скриптов со всеми в основном контексте страницы,соотношение внешних изображений со всеми в основном контексте страницы,соотношение внутренних изображений со всеми в основном контексте страницы,общее кол-во перенаправлений по внутренним ссылкам в основном контексте страницы,общее кол-во перенаправлений по внешним ссылкам в основном контексте страницы,общее кол-во ошибок по внутренним ссылкам в основном контексте страницы,общее кол-во ошибок по внешним ссылкам в основном контексте страницы,форма входа в основном контексте страницы,соотношение внешних Favicon со всеми в основном контексте страницы,соотношение внутренних Favicon со всеми в основном контексте страницы,наличие отправки на почту в основном контексте страницы,соотношение внешних медиа со всеми в основном контексте страницы,соотношение внешних медиа со всеми в основном контексте страницы,пустой титульник в основном контексте страницы,соотношение небезопасных якорей со всеми в основном контексте страницы,соотношение безопасных якорей со всеми в основном контексте страницы,соотношение внутренних ссылок на ресурсы со всеми в основном контексте страницы,соотношение внешних ссылок на ресурсы со всеми в основном контексте страницы,наличие невидимых в основном контексте страницы,наличие onmouseover в основном контексте страницы,наличие всплывающих окон в основном контексте страницы,наличие событий правой мыши в основном контексте страницы,наличие домена в тексте в основном контексте страницы,наличие домена в титульнике в основном контексте страницы,домен с авторскими правами в основном контексте страницы,кол-во фишинговых слов в тексте в основном контексте страницы,кол-во слов в тексте в основном контексте страницы,соотношение текста со всех изображений с основным текстом в основном контексте страницы,соотношение текста внутренних изображений с основным текстом в основном контексте страницы,соотношение текста внешних изображений с основным текстом в основном контексте страницы,соотношение текста внешних изображений с текстом внутренних изображений в основном контексте страницы,соотношение основного текста с динамически добавляемым текстом страницы,соотношение основного текста с внутреннее добавляемым текстом страницы,соотношение кода в внутренне добавляемом контексте страницы,кол-во полей ввода/вывода в внутренне добавляемом контексте страницы,кол-во всех ссылок во внутренне добавляемом контексте страницы,соотношение внутренних ссылок на сайты со всеми во внутренне добавляемом контексте страницы,соотношение внешних ссылок на сайты со всеми во внутренне добавляемом контексте страницы,соотношение пустых ссылок на сайты со всеми во внутренне добавляемом контексте страницы,соотношение внутренних CSS со всеми во внутренне добавляемом контексте страницы,соотношение внешних CSS со всеми во внутренне добавляемом контексте страницы,соотношение встроенных CSS со всеми во внутренне добавляемом контексте страницы,соотношение внутренних скриптов со всеми во внутренне добавляемом контексте страницы,соотношение внешних скриптов со всеми во внутренне добавляемом контексте страницы,соотношение встроенных скриптов со всеми во внутренне добавляемом контексте страницы,соотношение внешних изображений со всеми во внутренне добавляемом контексте страницы,соотношение внутренних изображений со всеми во внутренне добавляемом контексте страницы,общее кол-во перенаправлений по внутренним ссылкам во внутренне добавляемом контексте страницы,общее кол-во перенаправлений по внешним ссылкам во внутренне добавляемом контексте страницы,общее кол-во ошибок по внутренним ссылкам во внутренне добавляемом контексте страницы,общее кол-во ошибок по внешним ссылкам во внутренне добавляемом контексте страницы,форма входа во внутренне добавляемом контексте страницы,соотношение внешних Favicon со всеми во внутренне добавляемом контексте страницы,соотношение внутренних Favicon со всеми во внутренне добавляемом контексте страницы,наличие отправки на почту во внутренне добавляемом контексте страницы,соотношение внешних медиа со всеми во внутренне добавляемом контексте страницы,соотношение внешних медиа со всеми во внутренне добавляемом контексте страницы,пустой титульник во внутренне добавляемом контексте страницы,соотношение небезопасных якорей со всеми во внутренне добавляемом контексте страницы,соотношение безопасных якорей со всеми во внутренне добавляемом контексте страницы,соотношение внутренних ссылок на ресурсы со всеми во внутренне добавляемом контексте страницы,соотношение внешних ссылок на ресурсы со всеми во внутренне добавляемом контексте страницы,наличие невидимых во внутренне добавляемом контексте страницы,наличие onmouseover во внутренне добавляемом контексте страницы,наличие всплывающих окон во внутренне добавляемом контексте страницы,наличие событий правой мыши во внутренне добавляемом контексте страницы,наличие домена в тексте во внутренне добавляемом контексте страницы,наличие домена в титульнике во внутренне добавляемом контексте страницы,домен с авторскими правами во внутренне добавляемом контексте страницы,кол-во операций ввода/вывода во внутренне добавляемом коде страницы,кол-во фишинговых слов во внутренне добавляемом контексте страницы,кол-во слов во внутренне добавляемом контексте страницы,соотношение основного текста с внешне добавляемым текстом страницы,соотношение кода в внешне добавляемом контексте страницы,кол-во полей ввода/вывода в внешне добавляемом контексте страницы,кол-во всех ссылок во внешне добавляемом контексте страницы,соотношение внутренних ссылок на сайты со всеми во внешне добавляемом контексте страницы,соотношение внешних ссылок на сайты со всеми во внешне добавляемом контексте страницы,соотношение пустых ссылок на сайты со всеми во внешне добавляемом контексте страницы,соотношение внутренних CSS со всеми во внешне добавляемом контексте страницы,соотношение внешних CSS со всеми во внешне добавляемом контексте страницы,соотношение встроенных CSS со всеми во внешне добавляемом контексте страницы,соотношение внутренних скриптов со всеми во внешне добавляемом контексте страницы,соотношение внешних скриптов со всеми во внешне добавляемом контексте страницы,соотношение встроенных скриптов со всеми во внешне добавляемом контексте страницы,соотношение внешних изображений со всеми во внешне добавляемом контексте страницы,соотношение внутренних изображений со всеми во внешне добавляемом контексте страницы,общее кол-во перенаправлений по внутренним ссылкам во внешне добавляемом контексте страницы,общее кол-во перенаправлений по внешним ссылкам во внешне добавляемом контексте страницы,общее кол-во ошибок по внутренним ссылкам во внешне добавляемом контексте страницы,общее кол-во ошибок по внешним ссылкам во внешне добавляемом контексте страницы,форма входа во внешне добавляемом контексте страницы,соотношение внешних Favicon со всеми во внешне добавляемом контексте страницы,соотношение внутренних Favicon со всеми во внешне добавляемом контексте страницы,наличие отправки на почту во внешне добавляемом контексте страницы,соотношение внешних медиа со всеми во внешне добавляемом контексте страницы,соотношение внешних медиа со всеми во внешне добавляемом контексте страницы,пустой титульник во внешне добавляемом контексте страницы,соотношение небезопасных якорей со всеми во внешне добавляемом контексте страницы,соотношение безопасных якорей со всеми во внешне добавляемом контексте страницы,соотношение внутренних ссылок на ресурсы со всеми во внешне добавляемом контексте страницы,соотношение внешних ссылок на ресурсы со всеми во внешне добавляемом контексте страницы,наличие невидимых во внешне добавляемом контексте страницы,наличие onmouseover во внешне добавляемом контексте страницы,наличие всплывающих окон во внешне добавляемом контексте страницы,наличие событий правой мыши во внешне добавляемом контексте страницы,наличие домена в тексте во внешне добавляемом контексте страницы,наличие домена в титульнике во внешне добавляемом контексте страницы,домен с авторскими правами во внешне добавляемом контексте страницы,кол-во операций ввода/вывода во внешне добавляемом коде страницы,кол-во фишинговых слов во внешне добавляемом контексте страницы,кол-во слов во внешне добавляемом контексте страницы,срок регистрации домена,домен зарегестрирован,рейтинг по Alexa,рейтинг по openpagerank,соотношение оставшегося времени действия сертификата,срок действия сертификата,кол-во альтернативных имен в сертификате,TF
0,http://www.weiyun001.com/Yellow/signed.html,en,0,0.0982658959537572,0,0,0,1,43,0,0,0,0,0,0,0,0,0,0,0,4,0,0,0,0,0,3,1,0,0,0,1,1,0.0697674418604651,3,0,5,0,0,0,0,0,0,1,1,1,0,3,2,1,0,0.0,0.59311,1,0,0,5,5.6,9,3,0,3,0,-1.0,0,0.0,134,0.8656716417910447,0.1343283582089552,0.0,1.0,0.0,0.0,0.4375,0.125,0.4375,0.0,1.0,0.0,0.0,0.0,0.0,0,0.0,1.0,0,1.0,0.0,0,0.3846153846153846,0.6153846153846154,0.8888888888888888,0.1111111111111111,0,0,0,0,0,0,0,1,341,0.0146627565982404,0.0146627565982404,0.0,0.0,0,0,0,0,0,0,0,0,0,0,0,0,0,0,0,0,0,0,0,0,0,0,0,0,0,0,1,0,0,0,0,0,0,0,0,0,0,0,476,0,0,0,0,0,0,0,0,0,0,0,0,0,0,0,0,0,0,0,0,0,0,0,0,0,0,0,1,0,0,0,0,0,0,0,0,0,0,0,54,0,0,161,1,397876,2,-1.0,-1,-1,dchenig=0.002890173410404624;dongcheng=0.002890173410404624;import=0.002890173410404624;export=0.002890173410404624;hyseas=0.002890173410404624;xad=0.049132947976878616;xbe=0.05491329479768786;xba=0.11271676300578035;xbb=0.10404624277456648;xac=0.07514450867052024;xbd=0.09248554913294797;xbf=0.13583815028901733;xbc=0.07514450867052024;xaf=0.08092485549132948;xae=0.10115606936416185;xaa=0.014450867052023121;xef=0.028901734104046242;fba=0.005780346820809248;xab=0.008670520231213872;ectn=0.002890173410404624;cross=0.002890173410404624;ocean=0.002890173410404624;international=0.005780346820809248;logistics=0.002890173410404624;ltd=0.002890173410404624;nys=0.002890173410404624;freight=0.002890173410404624;sdn=0.002890173410404624;bhd=0.002890173410404624;copyright=0.002890173410404624;rights=0.002890173410404624;reserved=0.002890173410404624;xbdicp=0.002890173410404624;local=0.002890173410404624
1,https://fesco.gllue.com/portal/aboutus,en,0,0.0,0,0,1,1,38,0,0,0,0,0,0,0,0,0,0,0,4,0,0,0,0,0,2,1,0,0,0,1,0,0.0,0,0,6,0,0,0,0,0,0,1,2,2,0,0,0,0,0,0.98677,0.98824,0,0,0,6,3.8333333333333335,6,2,0,2,0,-1.0,3,0.0,8,0.875,0.125,0.0,1.0,0.0,0.0,0.4444444444444444,0.0,0.5555555555555556,1.0,0.0,0.0,0.0,0.0,0.0,0,0.0,1.0,0,0.0,1.0,1,0.0,0.0,1.0,0.0,0,0,0,0,0,0,0,0,0,0.0,0.0,0.0,0.0,0,0,0,0,0,0,0,0,0,0,0,0,0,0,0,0,0,0,0,0,0,0,0,0,0,0,1,0,0,0,0,0,0,0,0,0,0,0,71147,0,0,0,0,0,0,0,0,0,0,0,0,0,0,0,0,0,0,0,0,0,0,0,0,0,0,0,1,0,0,0,0,0,0,0,0,0,0,0,0,0,0,1523,1,505381,3,0.7577482605945604,790,2,
2,https://www.heiye.cc/vod/98169.html,en,0,0.047077922077922,0,0,1,1,35,0,0,0,0,0,0,0,0,0,0,0,4,0,0,0,0,0,3,1,0,0,0,1,0,0.1428571428571428,5,0,1,0,0,0,0,0,0,1,2,1,1,1,1,0,0,0.983595,0.59311,1,0,0,6,3.333333333333333,5,2,0,3,1,-1.0,1,0.0,136,0.9562043795620438,0.0364963503649635,0.0072992700729927,1.0,0.0,0.0,0.6666666666666666,0.0555555555555555,0.2777777777777778,0.0,1.0,0.0,0.0,0.0,0.0,0,0.0,1.0,0,1.0,0.0,0,0.5555555555555556,0.4444444444444444,0.9444444444444444,0.0555555555555555,0,0,0,0,1,0,0,1,616,0.0,0.0,0.0,0.0,0,0,0,0,0,0,0,0,0,0,0,0,0,0,0,0,0,0,0,0,0,0,0,0,0,0,1,0,0,0,0,0,0,0,0,0,0,0,1629,0,0,0,0,0,0,0,0,0,0,0,0,0,0,0,0,0,0,0,0,0,0,0,0,0,0,0,1,0,0,0,0,0,0,0,0,0,0,0,1,0,0,628,1,60169,2,0.51790329218107,90,3,xae=0.08116883116883117;xba=0.1038961038961039;xbf=0.048701298701298704;xad=0.0698051948051948;xbe=0.0633116883116883;xbc=0.12012987012987013;xbb=0.09577922077922078;xbd=0.08766233766233766;xab=0.03571428571428571;xef=0.05844155844155844;xac=0.11363636363636363;xaf=0.056818181818181816;xaa=0.030844155844155844;bhd=0.0016233766233766235;tmisstro=0.0016233766233766235;xec=0.006493506493506494;xea=0.0016233766233766235;tthinkbi=0.0016233766233766235;tstudiog=0.0016233766233766235;plus=0.0016233766233766235;xbcateez=0.0016233766233766235;fmr=0.0016233766233766235;trot=0.0016233766233766235;offer=0.003246753246753247;heiyevip=0.0016233766233766235;gmail=0.0016233766233766235;copyright=0.003246753246753247;rights=0.0016233766233766235;reserved=0.0016233766233766235
3,http://ikcrm.com/supplier_applies?utm_source=,en,0,0.2941176470588235,0,0,1,1,45,0,0,0,0,0,0,0,0,0,0,0,3,1,0,1,2,0,1,1,0,0,0,1,1,0.0,0,0,6,0,0,0,0,0,0,1,1,1,0,2,0,2,0,0.99641,0.84839,0,0,0,6,4.833333333333333,8,2,0,1,0,-1.0,3,0.0,14,0.9285714285714286,0.0714285714285714,0.0,1.0,0.0,0.0,0.3636363636363636,0.0,0.6363636363636364,0.0,1.0,0.0,0.0,0.0,0.0,0,0.0,1.0,0,1.0,0.0,0,0.5,0.5,1.0,0.0,0,0,0,0,0,0,0,0,51,0.0,0.0,0.0,0.0,0,0,0,0,0,0,0,0,0,0,0,0,0,0,0,0,0,0,0,0,0,0,0,0,0,0,1,0,0,0,0,0,0,0,0,0,0,0,4657,0,0,0,0,0,0,0,0,0,0,0,0,0,0,0,0,0,0,0,0,0,0,0,0,0,0,0,1,0,0,0,0,0,0,0,0,0,0,0,0,0,0,1946,1,25425,4,0.1136363669576659,395,2,xae=0.19607843137254902;crm=0.058823529411764705;xbd=0.11764705882352941;xaa=0.0784313725490196;xac=0.0196078431372549;xbf=0.058823529411764705;xaf=0.0784313725490196;xbe=0.0392156862745098;xef=0.09803921568627451;xbc=0.09803921568627451;xbb=0.058823529411764705;xad=0.0392156862745098;xba=0.0196078431372549;xab=0.0196078431372549;xaaicp=0.0196078431372549
4,http://www.hisu.org/supply.html?search_type_id=1001,en,0,0.1935483870967742,0,0,0,1,51,0,0,0,0,0,0,0,0,0,0,0,3,1,0,1,2,0,3,1,0,0,0,1,1,0.0784313725490196,4,0,7,0,0,0,0,0,0,0,0,0,0,3,1,2,0,0.92934,0.91815,1,0,0,9,3.6666666666666665,6,1,0,3,0,-1.0,0,0.0,90,0.978021978021978,0.0109890109890109,0.0109890109890109,1.0,0.0,0.0,1.0,0.0,0.0,0.0,1.0,0.0,0.0,0.0,0.0,0,0.0,1.0,0,1.0,0.0,0,0.0,1.0,1.0,0.0,0,0,0,0,0,0,0,0,186,0.0,0.0,0.0,0.0,0,0,0,0,0,0,0,0,0,0,0,0,0,0,0,0,0,0,0,0,0,0,0,0,0,0,1,0,0,0,0,0,0,0,0,0,0,0,1238,0,0,0,0,0,0,0,0,0,0,0,0,0,0,0,0,0,0,0,0,0,0,0,0,0,0,0,1,0,0,0,0,0,0,0,0,0,0,0,0,0,0,666,1,19354,2,-1.0,-1,-1,xbf=0.0967741935483871;xba=0.15053763440860216;xbb=0.10752688172043011;xbc=0.05913978494623656;xbd=0.03225806451612903;xae=0.06989247311827956;xad=0.043010752688172046;xef=0.010752688172043012;xac=0.043010752688172046;xaf=0.053763440860215055;tpp=0.021505376344086023;tldpe=0.010752688172043012;thdpe=0.010752688172043012;tlldpe=0.010752688172043012;tabs=0.021505376344086023;tgpps=0.010752688172043012;thips=0.005376344086021506;tpvc=0.005376344086021506;tpet=0.010752688172043012;tpc=0.021505376344086023;tpa=0.043010752688172046;tpbt=0.010752688172043012;tpom=0.03225806451612903;tppo=0.005376344086021506;tpmma=0.016129032258064516;tpps=0.005376344086021506;teva=0.010752688172043012;teps=0.010752688172043012;nldpe=0.005376344086021506;xbe=0.026881720430107527;ldpe=0.005376344086021506;xab=0.005376344086021506;icp=0.010752688172043012;tcopyright=0.005376344086021506;rights=0.005376344086021506;reserved=0.005376344086021506
5,https://www.gnr.it/news/read-more/49cf5fa8b8993a35140b5793b45d0fa6/?tx_news_pi1%5Bnews%5D=53&tx_news_pi1%5Bcontroller%5D=News&tx_news_pi1%5Baction%5D=detail,en,0,0.6885245901639344,1,0,1,1,156,0,0,0,0,0,0,0,0,0,2,0,6,3,6,1,6,1,2,1,0,0,0,1,0,0.2051282051282051,32,0,13,0,0,0,0,0,0,0,14,0,14,3,1,2,0,0.986285,0.99173,1,0,0,28,4.321428571428571,24,2,1,2,1,1.0,1,0.0,87,0.9772727272727272,0.0113636363636363,0.0113636363636363,1.0,0.0,0.0,0.625,0.0,0.375,0.0,1.0,0.0,0.0,0.0,0.0,0,0.0,1.0,0,1.0,0.0,0,0.0,1.0,1.0,0.0,0,0,0,0,1,0,0,5,244,0.0,0.0,0.0,0.0,0,0,0,0,0,0,0,0,0,0,0,0,0,0,0,0,0,0,0,0,0,0,0,0,0,0,1,0,0,0,0,0,0,0,0,0,0,0,2056,0,0,0,0,0,0,0,0,0,0,0,0,0,0,0,0,0,0,0,0,0,0,0,0,0,0,0,1,0,0,0,0,0,0,0,0,0,0,0,0,0,0,9,1,320862,3,0.0898025977366255,90,4,arex=0.02459016393442623;innovative=0.00819672131147541;solution=0.00819672131147541;retained=0.00819672131147541;austenite=0.012295081967213115;measurement=0.012295081967213115;srl=0.004098360655737705;analytical=0.020491803278688523;instruments=0.00819672131147541;group=0.00819672131147541;loginregister=0.004098360655737705;language=0.004098360655737705;englishitaliano=0.004098360655737705;contact=0.012295081967213115;information=0.00819672131147541;follow=0.004098360655737705;toggle=0.004098360655737705;navigation=0.004098360655737705;applications=0.012295081967213115;products=0.020491803278688523;service=0.00819672131147541;news=0.012295081967213115;product=0.012295081967213115;application=0.004098360655737705;notes=0.00819672131147541;check=0.004098360655737705;gnr=0.028688524590163935;references=0.004098360655737705;metals=0.00819672131147541;advanced=0.004098360655737705;solutions=0.02459016393442623;metal=0.004098360655737705;industries=0.004098360655737705;material=0.004098360655737705;science=0.004098360655737705;ensure=0.004098360655737705;highest=0.004098360655737705;quality=0.012295081967213115;production=0.004098360655737705;processes=0.004098360655737705;chemical=0.012295081967213115;mineralogical=0.004098360655737705;tests=0.004098360655737705;petrochemical=0.00819672131147541;complete=0.004098360655737705;accurate=0.004098360655737705;analysis=0.01639344262295082;sectors=0.004098360655737705;clinical=0.00819672131147541;xrf=0.004098360655737705;xrd=0.004098360655737705;txrf=0.004098360655737705;forensic=0.004098360655737705;domain=0.00819672131147541;pharmaceutical=0.00819672131147541;grant=0.004098360655737705;health=0.004098360655737705;environment=0.004098360655737705;meet=0.004098360655737705;increasingly=0.004098360655737705;stringent=0.004098360655737705;standards=0.004098360655737705;environmental=0.004098360655737705;field=0.004098360655737705;optical=0.00819672131147541;emission=0.012295081967213115;spectrometry=0.004098360655737705;spectrometer=0.00819672131147541;oes=0.004098360655737705;well=0.004098360655737705;known=0.004098360655737705;tecnique=0.00819672131147541;elemental=0.004098360655737705;ferrous=0.00819672131147541;alloys=0.00819672131147541;verify=0.004098360655737705;distributed=0.004098360655737705;worldwide=0.004098360655737705;ray=0.00819672131147541;diffraction=0.004098360655737705;destructive=0.00819672131147541;technique=0.004098360655737705;qualitative=0.004098360655737705;quantitative=0.004098360655737705;crystalline=0.004098360655737705;materials=0.00819672131147541;fluorescence=0.004098360655737705;solids=0.004098360655737705;liquids=0.00819672131147541;powders=0.004098360655737705;rotrode=0.004098360655737705;spectrometers=0.004098360655737705;designed=0.004098360655737705;determine=0.004098360655737705;trace=0.004098360655737705;concentration=0.004098360655737705;wear=0.004098360655737705;polluting=0.004098360655737705;additives=0.004098360655737705;lubricating=0.004098360655737705;oils=0.004098360655737705;transmission=0.004098360655737705;refrigerating=0.004098360655737705;sample=0.004098360655737705;preparation=0.00819672131147541;machines=0.00819672131147541;samples=0.004098360655737705;login=0.004098360655737705;history=0.004098360655737705;first=0.004098360655737705;head=0.004098360655737705;office=0.004098360655737705;representatives=0.004098360655737705;tnews=0.004098360655737705;read=0.012295081967213115;tarchives=0.004098360655737705;tshow=0.004098360655737705;archived=0.004098360655737705;tcategories=0.004098360655737705;tlatest=0.004098360655737705;mecspe=0.00819672131147541;exhibiting=0.004098360655737705;parma=0.004098360655737705;italy=0.004098360655737705;cast=0.004098360655737705;expo=0.004098360655737705;verichek=0.004098360655737705;present=0.004098360655737705;castexpo=0.004098360655737705;atlanta=0.004098360655737705;georgia=0.004098360655737705;usa=0.004098360655737705;author=0.004098360655737705;interested=0.004098360655737705;residual=0.004098360655737705;operates=0.004098360655737705;laboratory=0.004098360655737705;industry=0.004098360655737705;line=0.004098360655737705;look=0.004098360655737705;features=0.004098360655737705;measure=0.004098360655737705;less=0.004098360655737705;minutes=0.004098360655737705;related=0.00819672131147541;files=0.004098360655737705;vademecum=0.004098360655737705;public=0.004098360655737705;pdf=0.004098360655737705;links=0.004098360655737705;page=0.00819672131147541;back=0.004098360655737705;nbsp=0.004098360655737705;rights=0.004098360655737705;reserved=0.004098360655737705;iva=0.004098360655737705;site=0.004098360655737705;uses=0.004098360655737705;technical=0.004098360655737705;cookies=0.00819672131147541;please=0.004098360655737705;see=0.004098360655737705;cookie=0.004098360655737705;policy=0.00819672131147541;made=0.004098360655737705;selection=0.004098360655737705;website=0.004098360655737705;privacy=0.004098360655737705
6,http://gameabc.com/account.html,en,0,0.1176470588235294,0,0,1,1,31,0,0,0,0,0,0,0,0,0,0,0,3,0,0,0,0,0,2,1,0,0,0,1,1,0.0,0,1,4,0,0,0,0,0,0,0,0,0,0,1,0,1,0,0.85544,0.73954,0,0,0,4,4.5,7,3,0,2,0,0.3369731605265843,0,0.0,43,0.7209302325581395,0.2790697674418604,0.0,1.0,0.0,0.0,0.6,0.2,0.2,0.3333333333333333,0.6666666666666666,0.0,0.0,0.0,0.0,0,0.0,1.0,0,0.6666666666666666,0.3333333333333333,0,0.0,1.0,0.8571428571428571,0.1428571428571428,0,0,0,0,0,0,0,0,119,0.0,0.0,0.0,0.0,0,0,0,0,0,0,0,0,0,0,0,0,0,0,0,0,0,0,0,0,0,0,0,0,0,0,1,0,0,0,0,0,0,0,0,0,0,0,982,0,0,0,0,0,0,0,0,0,0,0,0,0,0,0,0,0,0,0,0,0,0,0,0,0,0,0,1,0,0,0,0,0,0,0,0,0,0,0,11,0,0,331,1,19757,3,0.2317380420205372,396,2,xbe=0.09243697478991597;xbd=0.10084033613445378;xae=0.09243697478991597;xaf=0.18487394957983194;xef=0.04201680672268908;xbc=0.058823529411764705;xbf=0.1092436974789916;xab=0.008403361344537815;xac=0.05042016806722689;xba=0.07563025210084033;xbb=0.09243697478991597;xad=0.06722689075630252;xaa=0.01680672268907563;cbg=0.008403361344537815
7,https://welcome.expediagroup.com/ru/how-to-list-your-property-on-hotels?utm_medium=referral&utm_content=footer-link&utm_source=HCOM_RU-ru_RU&utm_campaign=HOME,en,0,0.0133440085401654,0,0,1,1,158,0,0,0,0,0,0,0,0,0,3,0,4,4,0,1,6,8,2,1,0,0,0,1,0,0.0,0,0,21,1,1,1,0,0,0,0,1,0,1,2,0,2,0,0.0,0.99745,0,2,0,28,4.321428571428571,8,1,0,2,0,0.1645675169919621,0,0.0,81,0.8395061728395061,0.1604938271604938,0.0,1.0,0.0,0.0,0.3333333333333333,0.0,0.6666666666666666,0.0,1.0,0.0,0.0,0.0,0.0,0,0.2105263157894736,0.7894736842105263,0,1.0,0.0,0,0.0,1.0,0.7948717948717948,0.2051282051282051,0,0,0,0,0,0,0,1,3743,0.0010686615014694,0.0010686615014694,0.0,0.0,0,0,0,0,0,0,0,0,0,0,0,0,0,0,0,0,0,0,0,0,0,0,0,0,0,0,1,0,0,0,0,0,0,0,0,0,0,0,495,0,0,0,0,0,0,0,0,0,0,0,0,0,0,0,0,0,0,0,0,0,0,0,0,0,0,0,1,0,0,0,0,0,0,0,0,0,0,0,0,0,0,33,1,68229,5,0.0520547961711947,364,1,pay=0.0002668801708033093;rey=0.0002668801708033093;viv=0.0002668801708033093;ihe=0.0002668801708033093;xba=0.07846277021617294;xbc=0.13023752335201494;xbe=0.33066453162530024;xbd=0.2233787029623699;hotels=0.0010675206832132373;covid=0.0008006405124099279;xbb=0.10461702695489725;xbf=0.1006138243928476;oops=0.0002668801708033093;looks=0.0002668801708033093;like=0.0002668801708033093;browser=0.0005337603416066186;support=0.0002668801708033093;javascript=0.0005337603416066186;keeping=0.0002668801708033093;best=0.0002668801708033093;experience=0.0002668801708033093;site=0.0002668801708033093;worries=0.0002668801708033093;fix=0.0002668801708033093;going=0.0002668801708033093;settings=0.0002668801708033093;enabling=0.0002668801708033093;expedia=0.006405124099279423;group=0.004803843074459567;xad=0.0010675206832132373;sooke=0.0002668801708033093;harbour=0.0002668801708033093;house=0.0002668801708033093;partner=0.0018681611956231651;central=0.0018681611956231651;xab=0.0005337603416066186;travelocity=0.0005337603416066186;orbitz=0.0005337603416066186;wotif=0.0005337603416066186;xaf=0.0010675206832132373;ota=0.0008006405124099279;channel=0.0002668801708033093;manager=0.0002668801708033093;nexpedia=0.0002668801708033093;virtual=0.0002668801708033093;card=0.0002668801708033093;collect=0.0010675206832132373;traveler=0.0005337603416066186;preference=0.0005337603416066186;faq=0.0002668801708033093
8,http://www.huamu.cn/Map/,en,0,0.0459662288930581,0,0,0,1,24,0,0,0,0,0,0,0,0,0,0,0,4,0,0,0,0,0,2,1,0,0,0,1,1,0.0,0,0,4,0,0,0,0,0,0,1,1,1,0,1,1,0,0,0.99898,0.6868000000000001,1,0,0,4,2.75,3,2,0,2,0,-1.0,0,0.0,354,0.9803370786516854,0.0140449438202247,0.0056179775280898,1.0,0.0,0.0,0.7142857142857143,0.0,0.2857142857142857,0.0,1.0,0.0,0.0,0.0,0.0,0,0.0,1.0,0,1.0,0.0,0,0.1666666666666666,0.8333333333333334,1.0,0.0,0,0,0,0,1,0,0,2,1057,0.0085146641438032,0.0085146641438032,0.0,0.0,0,0,0,0,0,0,0,0,0,0,0,0,0,0,0,0,0,0,0,0,0,0,0,0,0,0,1,0,0,0,0,0,0,0,0,0,0,0,1205,0,0,0,0,0,0,0,0,0,0,0,0,0,0,0,0,0,0,0,0,0,0,0,0,0,0,0,1,0,0,0,0,0,0,0,0,0,0,0,0,0,0,1203,1,1586,3,-1.0,-1,-1,pere=0.0009380863039399625;mee=0.0009380863039399625;soo=0.0009380863039399625;sates=0.0009380863039399625;qligos=0.0009380863039399625;amar=0.0009380863039399625;nsnnerasweater=0.0009380863039399625;ouataialrsr=0.0009380863039399625;adokrkap=0.0009380863039399625;xcd=0.04784240150093809;xbe=0.0825515947467167;xbc=0.06378986866791744;xab=0.02345215759849906;xbb=0.08161350844277673;xad=0.016885553470919325;xca=0.06848030018761726;xcc=0.03470919324577861;xbf=0.04409005628517824;xcf=0.04690431519699812;xba=0.06191369606003752;xdb=0.028142589118198873;xcb=0.03470919324577861;xce=0.054409005628517824;xaa=0.009380863039399626;xdc=0.0075046904315197;xde=0.006566604127579738;xdd=0.025328330206378986;xae=0.01594746716697936;xfa=0.03564727954971857;xef=0.019699812382739212;xbd=0.04784240150093809;xda=0.01876172607879925;xfe=0.01876172607879925;xec=0.014071294559099437;xaf=0.0075046904315197;xac=0.028142589118198873;xee=0.005628517823639775;xeb=0.005628517823639775;xea=0.005628517823639775;xfd=0.006566604127579738;xdf=0.004690431519699813;xed=0.005628517823639775;xfb=0.004690431519699813;xfc=0.00375234521575985;huamu=0.0009380863039399625;xfeqq=0.0009380863039399625;mail=0.0009380863039399625;email=0.0009380863039399625;protected=0.0009380863039399625
9,http://www.itmop.com/downlist/s_188_1.html,en,0,0.0284090909090909,0,0,0,1,42,0,0,0,0,0,0,0,0,0,0,0,4,0,0,0,2,0,3,1,0,0,0,1,1,0.0952380952380952,4,0,2,0,0,0,0,0,0,0,0,0,0,2,1,1,0,0.98653,0.91217,1,0,0,9,2.7777777777777777,4,1,0,3,0,-1.0,1,0.0,248,0.995967741935484,0.0040322580645161,0.0,1.0,0.0,0.0,0.6,0.0,0.4,0.0,1.0,-1.0,0.0,-1.0,0.0,0,0.0,1.0,0,1.0,0.0,0,0.5,0.5,1.0,0.0,0,0,0,0,1,0,0,2,2288,0.0,0.0,0.0,0.0,0,0,0,0,0,0,0,0,0,0,0,0,0,0,0,0,0,0,0,0,0,0,0,0,0,0,1,0,0,0,0,0,0,0,0,0,0,0,991,0,0,0,0,0,0,0,0,0,0,0,0,0,0,0,0,0,0,0,0,0,0,0,0,0,0,0,1,0,0,0,0,0,0,0,0,0,0,0,0,0,0,1282,1,12620,4,-1.0,-1,-1,xca=0.08828671328671328;xbf=0.06512237762237762;xcc=0.06424825174825174;xed=0.046765734265734264;xbc=0.10445804195804195;xfe=0.03715034965034965;xba=0.04326923076923077;xaf=0.025349650349650348;xcf=0.04501748251748252;xcb=0.035402097902097904;xcd=0.031031468531468532;xee=0.016171328671328672;xfc=0.013548951048951048;xbb=0.06118881118881119;xfa=0.05026223776223776;xdb=0.009615384615384616;xaa=0.021416083916083916;xfb=0.006555944055944056;nmac=0.00043706293706293706;xbd=0.041520979020979024;xbe=0.020104895104895104;xdf=0.006118881118881119;xfd=0.0034965034965034965;xec=0.006993006993006993;xce=0.028409090909090908;xab=0.022727272727272728;xae=0.0008741258741258741;xda=0.011363636363636364;nmysql=0.00043706293706293706;noffice=0.0008741258741258741;xea=0.0026223776223776225;xbfpdf=0.00043706293706293706;nwinrar=0.00043706293706293706;nwm=0.00043706293706293706;xeb=0.0030594405594405595;xad=0.0026223776223776225;xdd=0.007867132867132868;xbdpc=0.0021853146853146855;xfev=0.00043706293706293706;xbdp=0.00043706293706293706;xdfv=0.00043706293706293706;bypass=0.0008741258741258741;xedv=0.00043706293706293706;xde=0.006118881118881119;easeus=0.00043706293706293706;xac=0.036276223776223776;ncad=0.00043706293706293706;nmsvcp=0.00043706293706293706;dll=0.00043706293706293706;xef=0.005681818181818182;nuc=0.00043706293706293706;xcegb=0.00043706293706293706;xdc=0.013548951048951048;xacpc=0.00043706293706293706;xaaexe=0.00043706293706293706;xedpc=0.00043706293706293706;nfirefox=0.00043706293706293706;xdafirefox=0.00043706293706293706;firefox=0.00043706293706293706;ncopyright=0.00043706293706293706;www=0.00043706293706293706;itmop=0.00043706293706293706;rights=0.00043706293706293706;reserved=0.00043706293706293706;icp=0.00043706293706293706
10,https://pe.indeed.com/Empleos-en-Trujillo,en,0,0.4540750323415265,0,0,1,1,41,0,0,0,0,0,0,0,0,0,0,0,3,0,0,0,0,2,2,1,0,0,0,1,0,0.0,0,0,5,0,0,0,0,0,0,0,2,0,2,2,1,1,0,0.9987,0.76379,0,0,0,5,5.0,8,2,0,2,0,-1.0,3,0.0,160,0.6282722513089005,0.2094240837696335,0.1623036649214659,0.0588235294117647,0.4901960784313725,0.4509803921568627,0.0129870129870129,0.1168831168831168,0.8701298701298701,1.0,0.0,-1.0,0.0,-1.0,0.0,0,0.7428571428571429,0.2571428571428571,0,0.0,1.0,0,0.9111111111111112,0.0888888888888888,0.2045454545454545,0.7954545454545454,0,0,1,0,1,0,0,15,773,0.0,0.0,0.0,0.0,0,0,0,0,0,0,0,0,0,0,0,0,0,0,0,0,0,0,0,0,0,0,0,0,0,0,1,0,0,0,0,0,0,0,0,0,0,0,1358,0,0,0,0,0,0,0,0,0,0,0,0,0,0,0,0,0,0,0,0,0,0,0,0,0,0,0,1,0,0,0,0,0,0,0,0,0,0,0,4086,0,0,43,1,89,6,0.5875457875457876,682,68,ntrabajos=0.00129366106080207;trujillo=0.027166882276843468;libertad=0.03363518758085381;febrero=0.00129366106080207;nsaltar=0.00129366106080207;publicaciones=0.00129366106080207;empleo=0.0646830530401035;buscarcerrar=0.00129366106080207;nir=0.00129366106080207;directamente=0.00258732212160414;contenido=0.00258732212160414;principalp=0.00258732212160414;gina=0.0038809831824062097;inicio=0.00258732212160414;indeedbuscar=0.00129366106080207;empleosevaluaciones=0.00258732212160414;empresabuscar=0.00258732212160414;sueldossubir=0.00129366106080207;cviniciar=0.00129366106080207;sesi=0.00258732212160414;nempresas=0.00129366106080207;publicar=0.00129366106080207;empleosir=0.00129366106080207;indeediniciar=0.00129366106080207;nbuscar=0.00129366106080207;sueldosempresascrear=0.00129366106080207;cvcambiar=0.00129366106080207;xads=0.00129366106080207;xaa=0.00129366106080207;xba=0.00129366106080207;nqu=0.00129366106080207;nde=0.00129366106080207;xbasqueda=0.00517464424320828;avanzada=0.00129366106080207;nfecha=0.00258732212160414;publicaci=0.00129366106080207;altimas=0.00129366106080207;horas=0.00129366106080207;altimos=0.0038809831824062097;xadas=0.00258732212160414;xadasa=0.00129366106080207;menos=0.009055627425614488;kil=0.009055627425614488;metrossolo=0.00129366106080207;ubicaci=0.0038809831824062097;exactaa=0.00129366106080207;metrosa=0.00646830530401035;metrostipo=0.00129366106080207;empleotiempo=0.00129366106080207;completo=0.00129366106080207;contrato=0.00129366106080207;medio=0.00258732212160414;tiempo=0.00258732212160414;indefinido=0.00129366106080207;temporal=0.00258732212160414;beca=0.00129366106080207;cticas=0.00129366106080207;comisi=0.00129366106080207;ntrujillo=0.019404915912031046;empresaempresa=0.00129366106080207;listada=0.00129366106080207;intercorp=0.01034928848641656;retail=0.019404915912031046;star=0.00129366106080207;mobile=0.00129366106080207;pacasmayo=0.00129366106080207;arca=0.00129366106080207;continental=0.00129366106080207;fullstack=0.00129366106080207;labs=0.00129366106080207;tomonorte=0.00129366106080207;idioma=0.00129366106080207;empleoespa=0.00129366106080207;english=0.00129366106080207;xbfpor=0.00129366106080207;guardas=0.00129366106080207;indeed=0.01034928848641656;postularse=0.00129366106080207;xban=0.00517464424320828;pido=0.00129366106080207;xbfquieres=0.00129366106080207;guardar=0.02199223803363519;cuenta=0.00129366106080207;cval=0.00129366106080207;crear=0.00258732212160414;aceptas=0.00258732212160414;condiciones=0.00646830530401035;servicio=0.00517464424320828;pol=0.00258732212160414;xadtica=0.00258732212160414;cookies=0.00129366106080207;privacidad=0.00129366106080207;autorizas=0.00129366106080207;empresas=0.007761966364812419;contacten=0.00129366106080207;trav=0.00258732212160414;adem=0.00129366106080207;consentimiento=0.00129366106080207;recibir=0.00258732212160414;mensajes=0.0038809831824062097;marketing=0.00129366106080207;quieres=0.00129366106080207;dejar=0.00129366106080207;puedes=0.00258732212160414;darte=0.00129366106080207;baja=0.00129366106080207;mediante=0.00129366106080207;enlace=0.00129366106080207;incluimos=0.00129366106080207;detalla=0.00129366106080207;atr=0.00129366106080207;publica=0.00129366106080207;encuentren=0.00258732212160414;empleos=0.018111254851228976;nclasificar=0.00129366106080207;nrelevancia=0.00129366106080207;aqu=0.00129366106080207;xad=0.0038809831824062097;muestran=0.00129366106080207;anuncios=0.00258732212160414;coinciden=0.00129366106080207;posible=0.00129366106080207;remunerado=0.00129366106080207;ayuda=0.00129366106080207;mantener=0.00129366106080207;gratis=0.00258732212160414;candidatos=0.00129366106080207;clasifica=0.00129366106080207;funci=0.00129366106080207;ofertas=0.00129366106080207;relevancia=0.00129366106080207;ejemplo=0.00129366106080207;palabras=0.00129366106080207;usaste=0.00129366106080207;actividades=0.00258732212160414;informaci=0.00129366106080207;consulta=0.00129366106080207;nreponedor=0.00129366106080207;part=0.0038809831824062097;time=0.00517464424320828;real=0.00258732212160414;plaza=0.00646830530401035;nintercorp=0.009055627425614488;atender=0.00129366106080207;necesidades=0.00129366106080207;cliente=0.00517464424320828;otorgando=0.00129366106080207;opciones=0.00129366106080207;productos=0.0038809831824062097;requiere=0.00646830530401035;manteniendo=0.00129366106080207;rea=0.00129366106080207;responsabilidad=0.00129366106080207;ordenada=0.00129366106080207;colorizada=0.00129366106080207;tallada=0.00129366106080207;nhace=0.019404915912031046;xadasguardar=0.018111254851228976;oferta=0.03880983182406209;empleono=0.019404915912031046;interesadenunciar=0.019404915912031046;nver=0.02069857697283312;ncajeros=0.00129366106080207;cajeras=0.00129366106080207;vea=0.00517464424320828;activar=0.00129366106080207;ingresar=0.00129366106080207;caja=0.00646830530401035;registradora=0.00129366106080207;iniciar=0.00129366106080207;atenci=0.00517464424320828;clientes=0.0038809831824062097;registrar=0.00258732212160414;digos=0.00129366106080207;solicitados=0.00129366106080207;nayudante=0.00129366106080207;almacen=0.00129366106080207;edad=0.00129366106080207;ayudante=0.00129366106080207;almac=0.00258732212160414;despacho=0.00258732212160414;inventario=0.00129366106080207;material=0.00129366106080207;cargo=0.00129366106080207;nrep=0.00129366106080207;servicios=0.007761966364812419;sala=0.00129366106080207;representante=0.00129366106080207;chacarero=0.00129366106080207;supermercados=0.00258732212160414;peruanos=0.00129366106080207;cadena=0.00129366106080207;nivel=0.00129366106080207;nacional=0.00129366106080207;encuentra=0.00258732212160414;nasistente=0.0038809831824062097;personal=0.0038809831824062097;asistenta=0.00129366106080207;trabajo=0.00129366106080207;hrs=0.00129366106080207;veces=0.00129366106080207;semana=0.00129366106080207;convenga=0.00129366106080207;compartir=0.00129366106080207;laborales=0.00129366106080207;full=0.00129366106080207;nla=0.00258732212160414;realizar=0.00258732212160414;personalizada=0.00129366106080207;quejas=0.00129366106080207;reclamos=0.00129366106080207;puedan=0.00129366106080207;presentarse=0.00129366106080207;siguiendo=0.00129366106080207;protocolo=0.00129366106080207;procedimientos=0.00129366106080207;noperario=0.00258732212160414;empaque=0.00129366106080207;importante=0.00258732212160414;empresa=0.0038809831824062097;consumo=0.00258732212160414;masivo=0.00258732212160414;incorporar=0.00258732212160414;staff=0.00258732212160414;operarios=0.00129366106080207;funciones=0.0038809831824062097;empaquetar=0.00129366106080207;envasar=0.00129366106080207;encajar=0.00129366106080207;nrepresentante=0.00129366106080207;nscotiabank=0.00129366106080207;aportar=0.00129366106080207;negocios=0.00129366106080207;referidos=0.00129366106080207;logro=0.00129366106080207;metas=0.00129366106080207;comerciales=0.00258732212160414;indispensable=0.00129366106080207;contar=0.00129366106080207;meses=0.00129366106080207;experiencia=0.0038809831824062097;posiciones=0.00129366106080207;scotiabank=0.00258732212160414;trujilloconoce=0.00258732212160414;trabajar=0.0038809831824062097;scotiabankver=0.00129366106080207;preguntas=0.00258732212160414;respuestas=0.00258732212160414;frecuentes=0.00258732212160414;nauxiliar=0.0038809831824062097;promart=0.00258732212160414;logros=0.00129366106080207;pertenecer=0.00129366106080207;top=0.00129366106080207;mejores=0.00129366106080207;gptw=0.00129366106080207;estudiantes=0.00129366106080207;primeros=0.00129366106080207;ciclos=0.00129366106080207;universidad=0.00129366106080207;tienda=0.0038809831824062097;dentro=0.00129366106080207;proyecto=0.00129366106080207;plan=0.00129366106080207;carrera=0.00129366106080207;contempla=0.00129366106080207;apoyo=0.00129366106080207;momentos=0.00129366106080207;requiera=0.00129366106080207;cajas=0.00129366106080207;contabilizar=0.00129366106080207;fondo=0.00129366106080207;asignado=0.00129366106080207;labores=0.00129366106080207;reportar=0.00129366106080207;alguna=0.00129366106080207;irregularidad=0.00129366106080207;transacciones=0.00129366106080207;base=0.00129366106080207;demanda=0.00129366106080207;ventas=0.00258732212160414;abonos=0.00129366106080207;nasesor=0.00129366106080207;spf=0.00129366106080207;nnueva=0.00129366106080207;positiva=0.00646830530401035;vida=0.0038809831824062097;constantemente=0.00129366106080207;prospecci=0.00129366106080207;nuevos=0.00258732212160414;alineado=0.00129366106080207;estrategia=0.00129366106080207;objetivos=0.00129366106080207;seguros=0.00129366106080207;constante=0.00129366106080207;xadaguardar=0.00129366106080207;vidaver=0.00129366106080207;picking=0.00129366106080207;separar=0.00129366106080207;mercader=0.00129366106080207;xada=0.00129366106080207;retiros=0.00129366106080207;domicilio=0.00129366106080207;proveniente=0.00129366106080207;dulos=0.00129366106080207;centro=0.00129366106080207;venta=0.00129366106080207;ngerente=0.00129366106080207;general=0.00129366106080207;evaluar=0.00129366106080207;elevar=0.00129366106080207;director=0.00129366106080207;ejecutivo=0.00129366106080207;compra=0.00129366106080207;bienes=0.00129366106080207;contrataci=0.00129366106080207;cualquier=0.00258732212160414;iniciativa=0.00129366106080207;proyectos=0.00129366106080207;limpieza=0.0038809831824062097;operario=0.00129366106080207;mantenimiento=0.00129366106080207;planta=0.00129366106080207;notros=0.00129366106080207;usuarios=0.00129366106080207;tambi=0.00129366106080207;buscaron=0.00129366106080207;asistente=0.00258732212160414;administrativo=0.00129366106080207;tottus=0.00129366106080207;recepcionista=0.00129366106080207;reponedor=0.00129366106080207;nrecibe=0.00129366106080207;email=0.00258732212160414;ndirecci=0.00129366106080207;nal=0.00129366106080207;alerta=0.00129366106080207;cambiar=0.00129366106080207;decisi=0.00129366106080207;momento=0.00129366106080207;cancelando=0.00129366106080207;suscripci=0.00129366106080207;indica=0.00129366106080207;trabajossueldosacerca=0.00129366106080207;decentro=0.00129366106080207;asistencia=0.00129366106080207;indeedaccesibilidad=0.00129366106080207;indeedcentro=0.00129366106080207;privacidadcookiesprivacidadcondiciones=0.00129366106080207;ndeja=0.00129366106080207;sube=0.00129366106080207
11,http://www.ipin.com/contact.html,en,0,0.1130952380952381,0,0,1,1,32,0,0,0,0,0,0,0,0,0,0,0,3,0,0,0,0,0,3,1,0,0,0,1,1,0.0,0,0,5,0,0,0,0,0,0,0,0,0,0,1,1,0,0,0.97204,0.59311,1,0,0,5,3.6,7,2,0,3,12,-1.0,3,0.0,37,0.7837837837837838,0.2162162162162162,0.0,1.0,0.0,0.0,0.5454545454545454,0.0909090909090909,0.3636363636363636,0.0,1.0,0.0,-1.0,0.0,-1.0,0,0.0,1.0,0,1.0,0.0,0,0.3636363636363636,0.6363636363636364,0.9444444444444444,0.0555555555555555,0,0,0,0,1,1,0,0,168,0.0,0.0,0.0,0.0,0,0,0,0,0,0,0,0,0,0,0,0,0,0,0,0,0,0,0,0,0,0,0,0,0,0,1,0,0,0,0,0,0,0,0,0,0,0,255,0,0,0,0,0,0,0,0,0,0,0,0,0,0,0,0,0,0,0,0,0,0,0,0,0,0,0,1,0,0,0,0,0,0,0,0,0,0,0,19,0,0,1448,1,19282,4,0.4389626818469323,790,2,xbb=0.13095238095238096;xac=0.09523809523809523;ipin=0.023809523809523808;xbc=0.041666666666666664;xae=0.07738095238095238;xad=0.03571428571428571;xba=0.10714285714285714;xbd=0.11904761904761904;xaf=0.10714285714285714;xbe=0.05357142857142857;english=0.005952380952380952;xaa=0.05357142857142857;demo=0.011904761904761904;xab=0.017857142857142856;xbf=0.08928571428571429;contact=0.005952380952380952;news=0.005952380952380952;xef=0.011904761904761904;icp=0.005952380952380952
12,https://insearchoftheworldsmostbeautifulwoman.com/search_result.php?Country%5B%5D=118&search_country=true,en,0,0.631578947368421,0,0,1,1,105,0,0,0,0,0,0,0,0,0,1,0,3,2,2,1,2,0,2,1,0,0,0,1,0,0.0476190476190476,5,0,16,0,0,0,0,0,0,0,3,0,3,1,0,1,0,0.85509,0.94804,0,0,0,18,4.611111111111111,9,2,0,2,0,-1.0,0,0.0,123,0.9193548387096774,0.0725806451612903,0.0080645161290322,1.0,0.0,0.0,0.5,0.125,0.375,0.0192307692307692,0.9807692307692308,0.0,0.0,0.0,0.0,0,0.0,1.0,0,0.9807692307692308,0.0192307692307692,0,0.4615384615384615,0.5384615384615384,0.875,0.125,0,0,0,0,0,0,0,1,94,0.0106382978723404,0.0106382978723404,0.0,0.0,0,0,0,0,0,0,0,0,0,0,0,0,0,0,0,0,0,0,0,0,0,0,0,0,0,0,1,0,0,0,0,0,0,0,0,0,0,0,227,0,0,0,0,0,0,0,0,0,0,0,0,0,0,0,0,0,0,0,0,0,0,0,0,0,0,0,1,0,0,0,0,0,0,0,0,0,0,0,3,0,0,284,1,17561,2,0.3974749906652966,388,2,intertoob=0.010526315789473684;tonline=0.010526315789473684;beauty=0.010526315789473684;pageant=0.010526315789473684;search=0.010526315789473684;result=0.021052631578947368;tnews=0.021052631578947368;tjoin=0.010526315789473684;taffiliate=0.010526315789473684;program=0.010526315789473684;tsearch=0.031578947368421054;tadvertise=0.021052631578947368;tabout=0.021052631578947368;tcontacts=0.021052631578947368;visitor=0.010526315789473684;menu=0.010526315789473684;sign=0.010526315789473684;free=0.010526315789473684;log=0.010526315789473684;video=0.010526315789473684;tclick=0.010526315789473684;makethis=0.010526315789473684;site=0.021052631578947368;yourdefault=0.010526315789473684;homepage=0.010526315789473684;tbookmark=0.010526315789473684;tresults=0.021052631578947368;total=0.021052631578947368;sort=0.021052631578947368;order=0.021052631578947368;rating=0.06315789473684211;results=0.021052631578947368;page=0.021052631578947368;pages=0.021052631578947368;view=0.021052631578947368;photo=0.021052631578947368;gallery=0.021052631578947368;tsort=0.010526315789473684;signup=0.010526315789473684;date=0.010526315789473684;tsave=0.010526315789473684;macedonia=0.042105263157894736;toverall=0.042105263157894736;current=0.042105263157894736;tvotes=0.042105263157894736;tgresushe=0.010526315789473684;tsweeteme=0.010526315789473684;telliebaby=0.010526315789473684;tprivacy=0.010526315789473684;tterms=0.010526315789473684;use=0.010526315789473684;tcontest=0.010526315789473684;rules=0.010526315789473684;tfaq=0.010526315789473684;tsite=0.010526315789473684;map=0.010526315789473684;tfeedback=0.010526315789473684;tpartners=0.010526315789473684;tlink=0.010526315789473684;tthewmbw=0.010526315789473684
13,https://gz.guju.com.cn/bd,en,0,0.0455580865603644,0,0,1,1,25,0,0,0,0,0,0,0,0,0,0,0,3,0,0,0,0,0,3,1,0,0,0,1,0,0.0,0,0,1,0,0,0,0,0,0,1,2,1,1,0,0,0,0,0.85534,0.0,0,0,0,4,2.0,3,1,0,3,0,-1.0,19,0.0,95,0.8762886597938144,0.1030927835051546,0.0206185567010309,0.875,0.0,0.125,0.6538461538461539,0.0,0.3461538461538461,0.0344827586206896,0.9655172413793104,0.0,0.0,0.0,0.0,0,0.0,1.0,0,0.9655172413793104,0.0344827586206896,0,0.3571428571428571,0.6428571428571429,1.0,0.0,0,0,0,0,1,0,0,0,439,0.0,0.0,0.0,0.0,0,0,0,0,0,0,0,0,0,0,0,0,0,0,0,0,0,0,0,0,0,0,0,0,0,0,1,0,0,0,0,0,0,0,0,0,0,0,3814,0,0,0,0,0,0,0,0,0,0,0,0,0,0,0,0,0,0,0,0,0,0,0,0,0,0,0,1,0,0,0,0,0,0,0,0,0,0,0,0,0,0,673,1,19232,3,0.9409305555555556,90,2,xae=0.1548974943052392;xbf=0.0774487471526196;xbb=0.08656036446469248;xbd=0.10250569476082004;xbe=0.07517084282460136;tvr=0.004555808656036446;xad=0.018223234624145785;xba=0.11617312072892938;xaf=0.06605922551252848;xbc=0.12300683371298406;xef=0.07061503416856492;xaa=0.011389521640091117;xac=0.04783599088838269;xab=0.029612756264236904;app=0.004555808656036446;tcopyright=0.002277904328018223;guju=0.002277904328018223;rights=0.002277904328018223;reserved=0.002277904328018223;icp=0.002277904328018223
14,http://www.jiae.com/myaccount,en,0,0.1451612903225806,0,0,0,1,29,0,0,0,0,0,0,0,0,0,0,0,3,0,0,0,0,0,2,1,0,0,0,1,1,0.0,0,1,5,0,0,0,0,0,0,1,1,1,0,2,1,1,0,0.855,0.97841,1,0,0,5,3.2,7,1,0,2,0,-1.0,3,0.0,51,0.8679245283018868,0.0943396226415094,0.0377358490566037,0.75,0.0,0.25,0.625,0.125,0.25,0.0,1.0,0.0,0.0,0.0,0.0,1,0.0,1.0,0,1.0,0.0,0,0.5,0.5,0.9090909090909092,0.0909090909090909,0,0,0,0,1,0,0,0,122,0.0163934426229508,0.0163934426229508,0.0,0.0,0,0,0,0,0,0,0,0,0,0,0,0,0,0,0,0,0,0,0,0,0,0,0,0,0,0,1,0,0,0,0,0,0,0,0,0,0,0,2803,0,0,0,0,0,0,0,0,0,0,0,0,0,0,0,0,0,0,0,0,0,0,0,0,0,0,0,1,0,0,0,0,0,0,0,0,0,0,0,0,0,0,1098,1,18897,3,-1.0,-1,-1,jiaecom=0.008064516129032258;mera=0.008064516129032258;xbb=0.11290322580645161;xbc=0.0967741935483871;xaf=0.08064516129032258;xbd=0.12096774193548387;xaa=0.06451612903225806;xba=0.07258064516129033;xad=0.03225806451612903;xbf=0.08870967741935484;xae=0.12096774193548387;xbe=0.04838709677419355;xef=0.06451612903225806;xab=0.016129032258064516;tqq=0.008064516129032258;jiae=0.024193548387096774;xac=0.016129032258064516;tabout=0.016129032258064516
15,https://www.game2.cn/,en,0,0.0513833992094861,0,0,0,1,21,0,0,0,0,0,0,0,0,0,0,0,3,0,0,0,0,0,2,1,0,0,0,1,0,0.0476190476190476,1,0,2,0,0,0,0,0,0,0,0,0,0,1,1,0,0,0.99956,0.0,1,0,0,3,2.6666666666666665,4,1,0,2,0,-1.0,3,0.0,268,0.4014869888475836,0.5947955390334573,0.0037174721189591,0.0,0.8,0.2,0.0689655172413793,0.5172413793103449,0.4137931034482758,0.8378378378378378,0.1621621621621621,0.0,-1.0,0.0,-1.0,1,0.6666666666666666,0.3333333333333333,0,0.1621621621621621,0.8378378378378378,0,0.4021739130434782,0.5978260869565217,0.1363636363636363,0.8636363636363636,0,0,0,0,1,0,0,0,500,0.012,0.0,0.012,0.0,0,0,0,0,0,0,0,0,0,0,0,0,0,0,0,0,0,0,0,0,0,0,0,0,0,0,1,0,0,0,0,0,0,0,0,0,0,0,1294,0,0,0,0,0,0,0,0,0,0,0,0,0,0,0,0,0,0,0,0,0,0,0,0,0,0,0,1,0,0,0,0,0,0,0,0,0,0,0,1633,0,0,555,1,22955,3,-1.0,-1,-1,bae=0.001976284584980237;spf=0.001976284584980237;oorp=0.001976284584980237;rein=0.001976284584980237;bre=0.001976284584980237;pity=0.001976284584980237;xbb=0.12055335968379446;xac=0.037549407114624504;xbd=0.1541501976284585;xba=0.07905138339920949;xbe=0.05533596837944664;xef=0.04743083003952569;xbc=0.1442687747035573;xad=0.05533596837944664;xbf=0.07509881422924901;xae=0.11067193675889328;xaa=0.02766798418972332;xaf=0.041501976284584984;xab=0.021739130434782608;game=0.005928853754940711;bmmoarpg=0.001976284584980237;bvip=0.001976284584980237;xbdb=0.001976284584980237;xbdicp=0.001976284584980237;copyright=0.001976284584980237;fgm=0.001976284584980237
16,https://www.jimmunol.org/,en,0,0.609717868338558,0,0,1,1,25,0,0,0,0,0,0,0,0,0,0,0,3,0,0,0,0,0,2,1,0,0,0,1,0,0.0,0,0,3,0,0,0,0,0,0,1,2,2,0,2,2,0,0,0.8549599999999999,0.0,1,0,0,3,3.6666666666666665,7,1,0,2,0,-1.0,2,0.0,200,0.8817733990147784,0.1034482758620689,0.0147783251231527,0.75,0.0625,0.1875,0.4193548387096774,0.064516129032258,0.5161290322580645,0.0,1.0,-1.0,0.0,-1.0,0.0,0,0.3,0.7,0,1.0,0.0,0,0.2777777777777778,0.7222222222222222,0.7647058823529411,0.2352941176470588,0,0,0,0,1,0,0,38,637,0.0015698587127158,0.0015698587127158,0.0,0.0,0,0,0,0,0,0,0,0,0,0,0,0,0,0,0,0,0,0,0,0,0,0,0,0,0,0,1,0,0,0,0,0,0,0,0,0,0,0,1745,0,0,0,0,0,0,0,0,0,0,0,0,0,0,0,0,0,0,0,0,0,0,0,0,0,0,0,1,0,0,0,0,0,0,0,0,0,0,0,1001,0,0,264,1,16553,5,0.5444596443228454,365,3,famunglogy=0.001567398119122257;journal=0.02037617554858934;immunology=0.023510971786833857;skip=0.001567398119122257;main=0.003134796238244514;content=0.001567398119122257;menu=0.003134796238244514;home=0.004702194357366771;narticles=0.003134796238244514;current=0.004702194357366771;issue=0.0109717868338558;nnext=0.004702194357366771;narchive=0.004702194357366771;nbrief=0.004702194357366771;reviewsneuroimmunology=0.001567398119122257;sense=0.001567398119122257;protect=0.001567398119122257;npillars=0.004702194357366771;ntranslating=0.004702194357366771;nmost=0.006269592476489028;read=0.007836990595611285;ntop=0.003134796238244514;downloads=0.003134796238244514;nannual=0.003134796238244514;meeting=0.003134796238244514;abstracts=0.003134796238244514;ncovid=0.003134796238244514;sars=0.006269592476489028;mers=0.004702194357366771;articles=0.009404388714733543;ninfo=0.003134796238244514;nfor=0.006269592476489028;authors=0.0109717868338558;njournal=0.007836990595611285;policies=0.007836990595611285;ninfluence=0.003134796238244514;statement=0.007836990595611285;advertisers=0.004702194357366771;neditors=0.004702194357366771;nsubmit=0.003134796238244514;submit=0.004702194357366771;manuscript=0.004702194357366771;ninstructions=0.004702194357366771;nsubscribe=0.003134796238244514;subscriptions=0.003134796238244514;nemail=0.003134796238244514;alerts=0.004702194357366771;nrss=0.004702194357366771;feeds=0.004702194357366771;nimmunocasts=0.007836990595611285;nmore=0.003134796238244514;cited=0.003134796238244514;naai=0.003134796238244514;disclaimer=0.003134796238244514;nfeedback=0.003134796238244514;nhelp=0.003134796238244514;naccessibility=0.004702194357366771;publicationsamerican=0.003134796238244514;association=0.006269592476489028;immunologists=0.006269592476489028;nimmunohorizons=0.003134796238244514;user=0.001567398119122257;subscribe=0.003134796238244514;nlog=0.003134796238244514;search=0.007836990595611285;keyword=0.003134796238244514;advanced=0.003134796238244514;reviews=0.003134796238244514;follow=0.003134796238244514;twitter=0.001567398119122257;rss=0.001567398119122257;publishing=0.001567398119122257;covid=0.004702194357366771;message=0.003134796238244514;aai=0.003134796238244514;npublishing=0.001567398119122257;reviewers=0.001567398119122257;readers=0.001567398119122257;nyou=0.003134796238244514;may=0.003134796238244514;interested=0.001567398119122257;free=0.003134796238244514;access=0.012539184952978056;topical=0.001567398119122257;review=0.001567398119122257;available=0.001567398119122257;wish=0.001567398119122257;revisit=0.001567398119122257;nantibody=0.001567398119122257;responses=0.003134796238244514;cov=0.001567398119122257;let=0.001567398119122257;stick=0.001567398119122257;known=0.001567398119122257;knowns=0.001567398119122257;latest=0.001567398119122257;accessrestricted=0.007836990595611285;helminth=0.001567398119122257;imprinting=0.001567398119122257;hematopoietic=0.001567398119122257;stem=0.001567398119122257;cells=0.012539184952978056;sustains=0.001567398119122257;anti=0.001567398119122257;inflammatory=0.003134796238244514;trained=0.001567398119122257;innate=0.003134796238244514;immunity=0.003134796238244514;attenuates=0.001567398119122257;autoimmune=0.003134796238244514;disease=0.004702194357366771;kyle=0.001567398119122257;cunningham=0.001567398119122257;conor=0.001567398119122257;finlay=0.001567398119122257;kingston=0.001567398119122257;mills=0.001567398119122257;immunol=0.009404388714733543;published=0.012539184952978056;ahead=0.0109717868338558;print=0.0109717868338558;february=0.009404388714733543;https=0.009404388714733543;org=0.009404388714733543;jimmunol=0.009404388714733543;factors=0.001567398119122257;associated=0.001567398119122257;severity=0.001567398119122257;predict=0.001567398119122257;progression=0.001567398119122257;wei=0.001567398119122257;huang=0.001567398119122257;guangwei=0.001567398119122257;luo=0.001567398119122257;xiaojie=0.001567398119122257;bintao=0.001567398119122257;lan=0.001567398119122257;zhao=0.001567398119122257;shuang=0.001567398119122257;zhang=0.006269592476489028;xiaofan=0.001567398119122257;chen=0.001567398119122257;jia=0.001567398119122257;jianhua=0.001567398119122257;zhu=0.003134796238244514;wen=0.001567398119122257;dongxin=0.001567398119122257;open=0.001567398119122257;igg=0.003134796238244514;epitopes=0.001567398119122257;processed=0.001567398119122257;presented=0.001567398119122257;induce=0.003134796238244514;suppression=0.001567398119122257;human=0.003134796238244514;thymic=0.001567398119122257;derived=0.001567398119122257;regulatory=0.001567398119122257;hsieh=0.001567398119122257;john=0.003134796238244514;sidney=0.001567398119122257;jane=0.001567398119122257;burns=0.001567398119122257;david=0.003134796238244514;boyle=0.001567398119122257;gary=0.001567398119122257;firestein=0.001567398119122257;yoav=0.001567398119122257;altman=0.001567398119122257;alessandro=0.001567398119122257;sette=0.001567398119122257;alessandra=0.001567398119122257;franco=0.001567398119122257;cabl=0.001567398119122257;kinase=0.001567398119122257;regulates=0.001567398119122257;inflammasome=0.001567398119122257;activation=0.001567398119122257;pyroptosis=0.001567398119122257;via=0.003134796238244514;asc=0.001567398119122257;phosphorylation=0.001567398119122257;mikhail=0.001567398119122257;gavrilin=0.001567398119122257;evan=0.001567398119122257;prather=0.001567398119122257;alex=0.001567398119122257;vompe=0.001567398119122257;christian=0.001567398119122257;mcandrew=0.001567398119122257;mark=0.001567398119122257;wewers=0.001567398119122257;broad=0.001567398119122257;spectrum=0.001567398119122257;robust=0.001567398119122257;direct=0.001567398119122257;bactericidal=0.001567398119122257;activity=0.001567398119122257;fish=0.001567398119122257;ifn=0.001567398119122257;xcf=0.001567398119122257;reveals=0.001567398119122257;antimicrobial=0.001567398119122257;peptide=0.001567398119122257;like=0.001567398119122257;function=0.003134796238244514;type=0.001567398119122257;ifns=0.001567398119122257;vertebrates=0.001567398119122257;xun=0.001567398119122257;xiao=0.003134796238244514;wentao=0.001567398119122257;yanqi=0.001567398119122257;zhiwei=0.001567398119122257;liao=0.001567398119122257;changsong=0.001567398119122257;chunrong=0.001567398119122257;yang=0.001567398119122257;yongan=0.001567398119122257;shaobo=0.001567398119122257;jianguo=0.001567398119122257;accelerated=0.001567398119122257;clearance=0.001567398119122257;degradation=0.001567398119122257;cell=0.004702194357366771;hiv=0.001567398119122257;neutralizing=0.001567398119122257;antibodies=0.001567398119122257;occurs=0.001567398119122257;xce=0.004702194357366771;riib=0.001567398119122257;liver=0.001567398119122257;sinusoidal=0.001567398119122257;endothelial=0.001567398119122257;endocytosis=0.001567398119122257;james=0.001567398119122257;turman=0.001567398119122257;alana=0.001567398119122257;cheplowitz=0.001567398119122257;charu=0.001567398119122257;tiwari=0.001567398119122257;thushara=0.001567398119122257;thomas=0.001567398119122257;dhruvi=0.001567398119122257;joshi=0.001567398119122257;menakshi=0.001567398119122257;bhat=0.001567398119122257;qian=0.001567398119122257;erik=0.001567398119122257;pong=0.001567398119122257;seung=0.001567398119122257;chu=0.001567398119122257;szymkowski=0.001567398119122257;sharma=0.001567398119122257;stephanie=0.001567398119122257;seveau=0.001567398119122257;robinson=0.001567398119122257;jesse=0.001567398119122257;kwiek=0.001567398119122257;dennis=0.001567398119122257;burton=0.001567398119122257;murugesan=0.001567398119122257;rajaram=0.001567398119122257;jonghan=0.001567398119122257;lars=0.001567398119122257;hangartner=0.001567398119122257;latha=0.001567398119122257;ganesan=0.001567398119122257;nview=0.001567398119122257;publishes=0.001567398119122257;novel=0.001567398119122257;peer=0.001567398119122257;reviewed=0.003134796238244514;findings=0.001567398119122257;areas=0.001567398119122257;experimental=0.001567398119122257;including=0.001567398119122257;adaptive=0.001567398119122257;inflammation=0.001567398119122257;host=0.001567398119122257;defense=0.001567398119122257;clinical=0.001567398119122257;autoimmunity=0.001567398119122257;american=0.003134796238244514;nthe=0.001567398119122257;thanks=0.001567398119122257;scientists=0.001567398119122257;manuscripts=0.001567398119122257;past=0.001567398119122257;year=0.001567398119122257;tvol=0.001567398119122257;feb=0.001567398119122257;ttable=0.001567398119122257;contentstable=0.001567398119122257;contents=0.001567398119122257;pdf=0.007836990595611285;coveradvertising=0.001567398119122257;back=0.003134796238244514;matter=0.003134796238244514;editorial=0.001567398119122257;board=0.001567398119122257;front=0.001567398119122257;highlights=0.001567398119122257;top=0.003134796238244514;reads=0.001567398119122257;systems=0.001567398119122257;approaches=0.001567398119122257;unravel=0.001567398119122257;therapeutic=0.001567398119122257;potential=0.001567398119122257;highlightsmost=0.001567398119122257;citedmost=0.001567398119122257;immunodominant=0.001567398119122257;antigen=0.003134796238244514;deficient=0.001567398119122257;necroptotic=0.001567398119122257;apoptotic=0.001567398119122257;murine=0.001567398119122257;cancer=0.001567398119122257;antitumor=0.001567398119122257;protection=0.001567398119122257;osteoclasts=0.001567398119122257;derive=0.001567398119122257;predominantly=0.001567398119122257;bone=0.001567398119122257;marrow=0.001567398119122257;resident=0.001567398119122257;precursor=0.001567398119122257;homeostasis=0.001567398119122257;whereas=0.001567398119122257;circulating=0.001567398119122257;contribute=0.001567398119122257;osteoclast=0.001567398119122257;development=0.001567398119122257;fracture=0.001567398119122257;repair=0.001567398119122257;intracellular=0.001567398119122257;receptor=0.001567398119122257;antagonist=0.001567398119122257;isoform=0.001567398119122257;released=0.001567398119122257;keratinocytes=0.001567398119122257;upon=0.001567398119122257;death=0.001567398119122257;acts=0.001567398119122257;inhibitor=0.001567398119122257;alarmin=0.001567398119122257;polysaccharide=0.001567398119122257;capsules=0.001567398119122257;equip=0.001567398119122257;symbiont=0.001567398119122257;bacteroides=0.001567398119122257;thetaiotaomicron=0.001567398119122257;modulate=0.001567398119122257;immune=0.003134796238244514;dominant=0.001567398119122257;intestine=0.001567398119122257;natural=0.001567398119122257;induced=0.001567398119122257;tolerogenic=0.001567398119122257;dendritic=0.001567398119122257;cutting=0.001567398119122257;edge=0.001567398119122257;driven=0.001567398119122257;dysregulation=0.001567398119122257;strictly=0.001567398119122257;dependent=0.001567398119122257;chain=0.001567398119122257;expression=0.001567398119122257;navigate=0.001567398119122257;ncurrent=0.001567398119122257;nabout=0.001567398119122257;general=0.001567398119122257;information=0.001567398119122257;nsubscribers=0.001567398119122257;nrights=0.001567398119122257;permissions=0.001567398119122257;npublic=0.001567398119122257;nprivacy=0.001567398119122257;policy=0.001567398119122257;ndisclaimer=0.001567398119122257;services=0.001567398119122257;email=0.001567398119122257;ntwitter=0.001567398119122257;copyright=0.001567398119122257;inc=0.001567398119122257;nprint=0.001567398119122257;issn=0.003134796238244514;online=0.001567398119122257
17,http://kmplayer.cn/,hmn,0,0.46875,0,0,0,1,19,0,0,0,0,0,0,0,0,0,0,0,3,0,0,0,0,0,1,1,0,0,0,1,1,0.0,0,0,2,0,0,0,0,0,0,1,1,1,0,0,0,0,0,0.993365,0.0,0,0,0,2,4.0,6,2,0,1,0,-1.0,0,0.0,15,0.631578947368421,0.1578947368421052,0.2105263157894736,1.0,0.0,0.0,0.25,0.5,0.25,0.0,1.0,0.0,0.0,0.0,0.0,0,0.0,1.0,0,1.0,0.0,0,0.8,0.2,0.6,0.4,0,0,0,0,1,1,0,12,32,0.0,0.0,0.0,0.0,0,0,0,0,0,0,0,0,0,0,0,0,0,0,0,0,0,0,0,0,0,0,0,0,0,0,1,0,0,0,0,0,0,0,0,0,0,0,4,0,0,0,0,0,0,0,0,0,0,0,0,0,0,0,0,0,0,0,0,0,0,0,0,0,0,0,1,0,0,0,0,0,0,0,0,0,0,0,952,0,0,377,1,16322,3,-1.0,-1,-1,kmplayer=0.09375;xae=0.09375;xbd=0.34375;xad=0.03125;xbb=0.03125;xbf=0.0625;xef=0.03125;xbc=0.03125;kmp=0.03125;copyright=0.03125;rights=0.03125;reserved=0.03125;xba=0.0625;xacicp=0.03125;xac=0.0625
18,https://www.iyunv.com/k_misign-sign.html,en,0,0.1626120358514724,0,0,0,1,40,0,0,0,0,0,0,0,0,0,0,0,3,0,0,0,1,1,3,1,0,0,0,1,0,0.0,0,0,7,0,0,0,0,0,0,1,1,1,0,1,1,0,0,0.85504,0.99205,1,0,0,8,2.875,4,1,0,3,0,-1.0,3,0.0,175,0.8820224719101124,0.1011235955056179,0.0168539325842696,0.7142857142857143,0.0,0.2857142857142857,0.4651162790697674,0.0232558139534883,0.5116279069767442,0.0789473684210526,0.9210526315789472,-1.0,0.0,-1.0,0.0,0,0.0,1.0,0,0.9210526315789472,0.0789473684210526,0,0.44,0.56,0.9615384615384616,0.0384615384615384,0,0,0,0,1,1,0,3,781,0.0,0.0,0.0,0.0,0,0,0,0,0,0,0,0,0,0,0,0,0,0,0,0,0,0,0,0,0,0,0,0,0,0,1,0,0,0,0,0,0,0,0,0,0,0,7064,0,0,0,0,0,0,0,0,0,0,0,0,0,0,0,0,0,0,0,0,0,0,0,0,0,0,0,1,0,0,0,0,0,0,0,0,0,0,0,1125,0,0,512,1,225965,3,-1.0,-1,-1,xbf=0.06145966709346991;xbb=0.06017925736235595;xbd=0.052496798975672214;xad=0.03585147247119078;xbe=0.1882202304737516;iyunv=0.0038412291933418692;xab=0.029449423815621;xae=0.058898847631242;xba=0.18437900128040974;xac=0.023047375160051217;portal=0.0012804097311139564;bbbs=0.0012804097311139564;eguide=0.0012804097311139564;vip=0.0038412291933418692;xaa=0.0076824583866837385;xaf=0.04865556978233035;xef=0.034571062740076826;xbc=0.058898847631242;ajacky=0.0012804097311139564;docker=0.0012804097311139564;openstack=0.0012804097311139564;linux=0.0012804097311139564;windows=0.0012804097311139564;server=0.0012804097311139564;saltstack=0.0012804097311139564;jenkins=0.0012804097311139564;foehn=0.0012804097311139564;wswy=0.0012804097311139564;momomo=0.0012804097311139564;xiaojx=0.0012804097311139564;lhl=0.0012804097311139564;godspeed=0.002560819462227913;niyoudeyulj=0.0012804097311139564;crystal=0.002560819462227913;michaelmc=0.0012804097311139564;hahsuu=0.0012804097311139564;jonesyslee=0.0012804097311139564;space=0.0012804097311139564;zhang=0.0012804097311139564;angelccn=0.0012804097311139564;zufeng=0.0012804097311139564;fujitsuql=0.0012804097311139564;canarykv=0.0012804097311139564;cpf=0.0012804097311139564;jackyduys=0.0012804097311139564;paradies=0.0012804097311139564;yang=0.0012804097311139564;lanxin=0.0012804097311139564;baixuegang=0.0012804097311139564;tian=0.0012804097311139564;aaron=0.0012804097311139564;lisone=0.0012804097311139564;janiver=0.0012804097311139564;halfh=0.0012804097311139564;iwise=0.0012804097311139564;jinchenchiang=0.0012804097311139564;maomao=0.0012804097311139564;leechl=0.0012804097311139564;boudao=0.0012804097311139564;sunshinezero=0.0012804097311139564;melean=0.0012804097311139564;daydream=0.0012804097311139564;kevindai=0.0012804097311139564;canduan=0.0012804097311139564;andy=0.0012804097311139564;rmtyr=0.0012804097311139564;back=0.0012804097311139564;basics=0.0012804097311139564;imissmylove=0.0012804097311139564;ksdb=0.0012804097311139564;wdh=0.0012804097311139564;ldsh=0.0012804097311139564;roxettewu=0.0012804097311139564;nonsuch=0.0012804097311139564;wuli=0.0012804097311139564;fgd=0.0012804097311139564;xhlcy=0.0012804097311139564;jole=0.0012804097311139564;baolinguo=0.0012804097311139564;linuxlogic=0.0012804097311139564;rebel=0.0012804097311139564;wjsaya=0.0012804097311139564;akatsuki=0.0012804097311139564;stp=0.0012804097311139564;caseydeng=0.0012804097311139564;sunping=0.0012804097311139564;nekguo=0.0012804097311139564;oriental=0.0012804097311139564;xiaodi=0.0012804097311139564;rockyw=0.0012804097311139564;jacky=0.0012804097311139564;fifi=0.0012804097311139564;remember=0.0012804097311139564;huangdiwang=0.0012804097311139564;elnino=0.0012804097311139564;tianyanbin=0.0012804097311139564;xiaomali=0.0012804097311139564;lds=0.0012804097311139564;baifuwa=0.0012804097311139564;abcd=0.0012804097311139564;silence=0.0012804097311139564;flysky=0.0012804097311139564;panzhen=0.0012804097311139564;sillything=0.0012804097311139564;leoshadow=0.0012804097311139564;genricky=0.0012804097311139564;kabuda=0.0012804097311139564;ssxmao=0.0012804097311139564;danrtsey=0.0012804097311139564;mello=0.0012804097311139564;xmdivc=0.0012804097311139564;rose=0.0012804097311139564;dagang=0.0012804097311139564;dadadadagang=0.0012804097311139564;forkw=0.0012804097311139564;mail=0.002560819462227913;kefu=0.002560819462227913;xabicp=0.0012804097311139564;copyright=0.0012804097311139564;ngood=0.0012804097311139564;good=0.0012804097311139564;nstudy=0.0012804097311139564;nday=0.0012804097311139564;day=0.0012804097311139564;nup=0.0012804097311139564;dqq=0.0012804097311139564;nqq=0.0012804097311139564
19,http://www.jinbazhe.com/,en,0,0.062007874015748,0,0,0,1,24,0,0,0,0,0,0,0,0,0,0,0,3,0,0,0,0,0,2,1,0,0,0,1,1,0.0,0,0,4,0,0,0,0,0,0,1,2,2,0,1,1,0,0,0.932115,0.0,1,0,0,4,2.75,3,2,0,2,0,0.3091683645119467,1,0.0,145,0.910958904109589,0.0821917808219178,0.0068493150684931,1.0,0.0,0.0,0.0,0.0,0.0,0.8571428571428571,0.1428571428571428,0.0,0.0,0.0,0.0,0,0.0,1.0,0,0.1428571428571428,0.8571428571428571,0,1.0,0.0,1.0,0.0,0,0,0,0,0,0,0,5,1015,0.0009852216748768,0.0009852216748768,0.0,0.0,0,0,0,0,0,0,0,0,0,0,0,0,0,0,0,0,0,0,0,0,0,0,0,0,0,0,1,0,0,0,0,0,0,0,0,0,0,0,0,0,0,0,0,0,0,0,0,0,0,0,0,0,0,0,0,0,0,0,0,0,0,0,0,0,0,0,1,0,0,0,0,0,0,0,0,0,0,0,0,0,0,201,1,19229,2,-1.0,-1,-1,gig=0.000984251968503937;nwindows=0.000984251968503937;xbb=0.19094488188976377;win=0.08070866141732283;xba=0.10826771653543307;xaf=0.08661417322834646;xbd=0.11023622047244094;xad=0.028543307086614175;xab=0.021653543307086614;xae=0.07578740157480315;ghost=0.022637795275590553;xac=0.018700787401574805;xaa=0.021653543307086614;xbf=0.04232283464566929;xef=0.025590551181102362;xbc=0.06200787401574803;xafghost=0.001968503937007874;eghost=0.002952755905511811;ewin=0.001968503937007874;xadghost=0.001968503937007874;xadwin=0.000984251968503937;xbe=0.03740157480314961;qos=0.000984251968503937;twin=0.005905511811023622;key=0.001968503937007874;twindows=0.000984251968503937;ekey=0.001968503937007874;tkmspico=0.001968503937007874;activation=0.001968503937007874;xbbwin=0.000984251968503937;tpcskys=0.000984251968503937;fcf=0.000984251968503937;bwin=0.000984251968503937;ebarbie=0.000984251968503937;xacghost=0.000984251968503937;iso=0.000984251968503937;xaewin=0.003937007874015748;buac=0.000984251968503937;dwin=0.001968503937007874;cwin=0.001968503937007874;fip=0.000984251968503937;xaeamd=0.000984251968503937;fplsqldeveloper=0.000984251968503937;oracle=0.000984251968503937;xbaonekeystudio=0.000984251968503937;exe=0.000984251968503937;xbdsql=0.000984251968503937;cwindows=0.001968503937007874;xbbxp=0.000984251968503937;xbdie=0.000984251968503937;xbawin=0.000984251968503937;xafflash=0.000984251968503937;player=0.000984251968503937;fcad=0.000984251968503937;installer=0.000984251968503937;adobe=0.000984251968503937;animate=0.000984251968503937;cmd=0.000984251968503937;dnf=0.000984251968503937;uefi=0.000984251968503937;word=0.000984251968503937;nwin=0.000984251968503937;copyright=0.000984251968503937
20,http://www.k12china.com/download/index.html,hmn,0,0.1126760563380281,0,0,1,1,43,0,0,0,0,0,0,0,0,0,0,0,4,0,0,0,0,0,3,1,0,0,0,1,1,0.0465116279069767,2,0,6,0,0,0,0,0,0,0,0,0,0,1,1,0,0,0.997975,0.95026,1,0,0,6,4.666666666666667,8,3,0,3,0,-1.0,0,0.0,14,0.9285714285714286,0.0714285714285714,0.0,1.0,0.0,0.0,0.0,0.0,1.0,0.1666666666666666,0.8333333333333334,0.0,0.0,0.0,0.0,0,0.0,1.0,0,0.8333333333333334,0.1666666666666666,0,1.0,0.0,1.0,0.0,0,0,0,0,0,0,0,131,142,0.0,0.0,0.0,0.0,0,0,0,0,0,0,0,0,0,0,0,0,0,0,0,0,0,0,0,0,0,0,0,0,0,0,1,0,0,0,0,0,0,0,0,0,0,0,26,0,0,0,0,0,0,0,0,0,0,0,0,0,0,0,0,0,0,0,0,0,0,0,0,0,0,0,1,0,0,0,0,0,0,0,0,0,0,0,0,0,0,940,1,20321,4,0.2158470013612819,365,2,xbf=0.11267605633802817;xef=0.11267605633802817;xbc=0.13380281690140844;xad=0.176056338028169;xab=0.04225352112676056;xaf=0.08450704225352113;xae=0.1056338028169014;xac=0.02112676056338028;fapp=0.007042253521126761;xbd=0.11971830985915492;xba=0.035211267605633804;xbe=0.014084507042253521;xbb=0.014084507042253521;xaa=0.007042253521126761;copyright=0.007042253521126761;icp=0.007042253521126761
21,http://laomaotao.org/softhelp/syjc/7992.html,en,0,0.0914512922465208,0,0,0,1,44,0,0,0,0,0,0,0,0,0,0,0,5,0,0,0,0,0,2,1,0,0,0,1,1,0.0909090909090909,4,0,3,0,0,0,0,0,0,1,5,3,2,1,0,1,0,0.85478,0.69205,0,0,0,9,3.2222222222222223,4,2,0,2,0,1.0,1,0.0,101,0.9252336448598132,0.0186915887850467,0.0560747663551401,1.0,0.0,0.0,0.5,0.0,0.5,0.0,1.0,0.0,0.0,0.0,0.0,0,0.0,1.0,0,1.0,0.0,0,0.75,0.25,1.0,0.0,0,0,0,0,1,0,0,0,502,0.0019920318725099,0.0019920318725099,0.0,0.0,0,0,0,0,0,0,0,0,0,0,0,0,0,0,0,0,0,0,0,0,0,0,0,0,0,0,1,0,0,0,0,0,0,0,0,0,0,0,798,0,0,0,0,0,0,0,0,0,0,0,0,0,0,0,0,0,0,0,0,0,0,0,0,0,0,0,1,0,0,0,0,0,0,0,0,0,0,0,0,0,0,342,1,16059,3,-1.0,-1,-1,wee=0.0019880715705765406;xaf=0.11133200795228629;win=0.04970178926441352;xbb=0.09542743538767395;xbd=0.16302186878727634;xae=0.10536779324055666;twin=0.0019880715705765406;xef=0.07157057654075547;xbc=0.09542743538767395;xbf=0.06759443339960239;xba=0.039761431411530816;awww=0.0019880715705765406;laomaotao=0.003976143141153081;org=0.003976143141153081;xac=0.02584493041749503;xbe=0.039761431411530816;xafwin=0.0019880715705765406;xad=0.02186878727634195;xaa=0.007952286282306162;xbdwin=0.0019880715705765406;bios=0.009940357852882704;xab=0.013916500994035786;xaeu=0.009940357852882704;usb=0.0019880715705765406;xaewindows=0.0019880715705765406;ahttp=0.0019880715705765406;www=0.0019880715705765406;iml=0.003976143141153081;atu=0.0019880715705765406;vivobook=0.0019880715705765406;emixbook=0.0019880715705765406;air=0.0019880715705765406;yoga=0.0019880715705765406;fgalaxy=0.0019880715705765406;book=0.0019880715705765406;ion=0.0019880715705765406;winxpwin=0.003976143141153081;ghost=0.0019880715705765406;ghostw=0.0019880715705765406;uefi=0.005964214711729622;thinkpad=0.0019880715705765406;fahci=0.0019880715705765406;nthinkpad=0.0019880715705765406;xacuefi=0.0019880715705765406;xacu=0.0019880715705765406;twinpe=0.0019880715705765406
22,http://www.jz100.com/forum-76-1.html,en,0,0.0373654211526282,0,0,0,1,36,0,0,0,0,0,0,0,0,0,0,0,3,0,0,0,0,2,3,1,0,0,0,1,1,0.1666666666666666,6,0,1,0,0,0,0,0,0,0,0,0,0,2,2,0,0,0.94703,0.73637,1,0,0,6,3.333333333333333,5,1,0,3,0,-1.0,4,0.0,668,0.9595808383233532,0.0404191616766467,0.0,0.6666666666666666,0.0,0.3333333333333333,0.25,0.1136363636363636,0.6363636363636364,0.0,1.0,0.0,0.0,0.0,0.0,0,0.0,1.0,0,1.0,0.0,0,0.7634408602150538,0.2365591397849462,0.782608695652174,0.217391304347826,0,0,0,0,0,0,0,0,1578,0.0006337135614702,0.0006337135614702,0.0,0.0,0,0,0,0,0,0,0,0,0,0,0,0,0,0,0,0,0,0,0,0,0,0,0,0,0,0,1,0,0,0,0,0,0,0,0,0,0,0,3240,0,0,0,0,0,0,0,0,0,0,0,0,0,0,0,0,0,0,0,0,0,0,0,0,0,0,0,1,0,0,0,0,0,0,0,0,0,0,0,1599,0,0,153,1,16169,4,-1.0,-1,-1,reno=0.0006333122229259025;xce=0.058264724509183026;xba=0.10639645345155162;xfa=0.01773274224192527;xbb=0.09373020899303357;xee=0.012032932235592146;xbc=0.05446485117162761;xdb=0.03356554781507283;xcc=0.038632045598480054;xca=0.06143128562381254;xfd=0.014566181127295756;xbd=0.07473084230525649;xef=0.013299556681443952;xbf=0.04053198226725776;xed=0.006333122229259025;xaf=0.006333122229259025;xfe=0.01013299556681444;xcf=0.06269791006966434;xdf=0.016466117796073463;xdc=0.007599746675110829;xea=0.004433185560481318;xeb=0.00506649778340722;xcd=0.022165927802406588;xcb=0.04053198226725776;xbe=0.02786573780873971;xab=0.02786573780873971;xac=0.016466117796073463;xae=0.009499683343888538;xfb=0.015832805573147563;xaa=0.015199493350221659;xde=0.00253324889170361;xfc=0.0037998733375554147;xec=0.028499050031665613;xdd=0.00506649778340722;napp=0.0006333122229259025;nqq=0.001266624445851805;nmore=0.0006333122229259025;xad=0.013299556681443952;xda=0.013299556681443952;nnew=0.0037998733375554147;app=0.001266624445851805;ncolor=0.0006333122229259025;nimage=0.0006333122229259025;nlink=0.0006333122229259025;nquote=0.0006333122229259025;ncode=0.0006333122229259025;nsmilies=0.0006333122229259025;ngmt=0.0006333122229259025;processed=0.0006333122229259025;second=0.0006333122229259025;total=0.0006333122229259025;slave=0.0006333122229259025;queries=0.0006333122229259025;memcache=0.0006333122229259025;ncopyright=0.0006333122229259025;rights=0.0006333122229259025;reserved=0.0006333122229259025;npowered=0.0006333122229259025;icp=0.0006333122229259025
23,http://www.joyu.com/,en,0,0.0841121495327102,0,0,0,1,20,0,0,0,0,0,0,0,0,0,0,0,3,0,0,0,0,0,2,1,0,0,0,1,1,0.0,0,0,3,0,0,0,0,0,0,0,0,0,0,1,1,0,0,0.85493,0.0,1,0,0,3,2.333333333333333,3,1,0,2,0,1.0,0,0.0,91,0.6153846153846154,0.3846153846153846,0.0,1.0,0.0,0.0,0.6,0.1,0.3,0.0833333333333333,0.9166666666666666,0.0,0.0,0.0,0.0,0,0.0,1.0,0,0.9166666666666666,0.0833333333333333,0,0.2325581395348837,0.7674418604651163,0.9,0.1,0,0,0,0,0,0,0,0,428,0.0,0.0,0.0,0.0,0,0,0,0,0,0,0,0,0,0,0,0,0,0,0,0,0,0,0,0,0,0,0,0,0,0,1,0,0,0,0,0,0,0,0,0,0,0,1193,0,0,0,0,0,0,0,0,0,0,0,0,0,0,0,0,0,0,0,0,0,0,0,0,0,0,0,1,0,0,0,0,0,0,0,0,0,0,0,11,0,0,715,1,18782,3,-1.0,-1,-1,xbe=0.09579439252336448;xfa=0.0514018691588785;xbc=0.07009345794392523;xca=0.053738317757009345;xce=0.08644859813084112;xcb=0.03271028037383177;xaa=0.04672897196261682;xaf=0.04906542056074766;xcd=0.07242990654205607;xda=0.014018691588785047;xbd=0.02336448598130841;xad=0.007009345794392523;xbb=0.056074766355140186;xdc=0.018691588785046728;xed=0.007009345794392523;xcf=0.037383177570093455;xee=0.004672897196261682;xfe=0.011682242990654205;xcc=0.028037383177570093;xbf=0.056074766355140186;xac=0.02570093457943925;xef=0.002336448598130841;xab=0.016355140186915886;xec=0.016355140186915886;xae=0.009345794392523364;xfc=0.009345794392523364;xfb=0.011682242990654205;xdb=0.011682242990654205;xba=0.0397196261682243;xdf=0.009345794392523364;xea=0.007009345794392523;xfaip=0.002336448598130841;xceip=0.002336448598130841;xeb=0.004672897196261682;tread=0.007009345794392523;icp=0.002336448598130841
24,http://www.pigai.org/,so,0,0.0897435897435897,0,0,0,1,21,0,0,0,0,0,0,0,0,0,0,0,3,0,0,0,0,0,2,1,0,0,0,1,1,0.0,0,0,4,0,0,0,0,0,0,0,0,0,0,1,1,0,0,0.99668,0.0,1,0,0,4,2.0,3,1,0,2,0,-1.0,2,0.0,200,0.9353233830845772,0.0597014925373134,0.0049751243781094,1.0,0.0,0.0,0.6666666666666666,0.0,0.3333333333333333,0.0,1.0,0.0,0.0,0.0,0.0,0,0.0,1.0,0,1.0,0.0,0,0.3333333333333333,0.6666666666666666,1.0,0.0,0,0,0,0,0,0,0,0,300,0.04,0.04,0.0,0.0,0,0,0,0,0,0,0,0,0,0,0,0,0,0,0,0,0,0,0,0,0,0,0,0,0,0,1,0,0,0,0,0,0,0,0,0,0,0,1530,0,0,0,0,0,0,0,0,0,0,0,0,0,0,0,0,0,0,0,0,0,0,0,0,0,0,0,1,0,0,0,0,0,0,0,0,0,0,0,0,0,0,0,1,120279,3,-1.0,-1,-1,ane=0.003205128205128205;gease=0.003205128205128205;aeet=0.003205128205128205;oeidat=0.003205128205128205;five=0.003205128205128205;ateteere=0.003205128205128205;faeuse=0.003205128205128205;eerbioee=0.003205128205128205;atteret=0.003205128205128205;gtawenet=0.003205128205128205;nttewe=0.003205128205128205;wtanee=0.003205128205128205;xbd=0.14743589743589744;xef=0.05448717948717949;xbc=0.07371794871794872;xba=0.11217948717948718;xbf=0.04807692307692308;xaf=0.1346153846153846;xad=0.14423076923076922;xae=0.03205128205128205;xbe=0.019230769230769232;xaa=0.01282051282051282;xbb=0.08012820512820513;xab=0.03205128205128205;xac=0.060897435897435896;english=0.003205128205128205;copyright=0.003205128205128205;xacicp=0.003205128205128205
25,https://koolshare.cn/forum.php,en,0,0.1677704194260485,0,0,1,1,30,0,0,0,0,0,0,0,0,0,0,0,3,0,0,0,0,0,2,1,0,0,0,1,0,0.0,0,0,4,0,0,0,0,0,0,1,1,1,0,1,1,0,0,0.99331,0.94804,0,0,0,4,4.25,5,3,0,2,0,-1.0,3,0.0,231,0.935064935064935,0.0649350649350649,0.0,0.75,0.0,0.25,0.3333333333333333,0.0,0.6666666666666666,0.0,1.0,0.0,0.0,0.0,0.0,0,0.0,1.0,0,1.0,0.0,0,0.7,0.3,1.0,0.0,0,0,0,0,1,1,0,2,452,0.0022123893805309,0.0022123893805309,0.0,0.0,0,0,0,0,0,0,0,0,0,0,0,0,0,0,0,0,0,0,0,0,0,0,0,0,0,0,1,0,0,0,0,0,0,0,0,0,0,0,857,0,0,0,0,0,0,0,0,0,0,0,0,0,0,0,0,0,0,0,0,0,0,0,0,0,0,0,1,0,0,0,0,0,0,0,0,0,0,0,0,0,0,184,1,13364,5,0.794673807174661,366,2,yon=0.002207505518763797;xbe=0.04415011037527594;xba=0.12362030905077263;koolshare=0.004415011037527594;xae=0.10596026490066225;xac=0.03090507726269316;xab=0.026490066225165563;xbc=0.08609271523178808;xaf=0.046357615894039736;xbf=0.0640176600441501;xbd=0.0640176600441501;xbb=0.1479028697571744;xaa=0.017660044150110375;xef=0.046357615894039736;nemail=0.002207505518763797;portal=0.002207505518763797;xbabbs=0.002207505518763797;nkoolshare=0.002207505518763797;xad=0.03090507726269316;intel=0.004415011037527594;nuc=0.002207505518763797;cds=0.002207505518763797;netgear=0.002207505518763797;rax=0.002207505518763797;orbi=0.004415011037527594;rbk=0.002207505518763797;nbeats=0.002207505518763797;powerbeats=0.002207505518763797;rog=0.011037527593818985;pro=0.002207505518763797;wifi=0.002207505518763797;domthing=0.002207505518763797;cidc=0.002207505518763797;ccpu=0.002207505518763797;xbamiui=0.002207505518763797;xaewd=0.002207505518763797;black=0.002207505518763797;hdd=0.002207505518763797;xaesn=0.002207505518763797;yoga=0.002207505518763797;cpu=0.004415011037527594;glacier=0.002207505518763797;tomahawk=0.002207505518763797;xafmod=0.002207505518763797;xbashow=0.004415011037527594;nasus=0.002207505518763797;asus=0.002207505518763797;strix=0.004415011037527594;eplextor=0.002207505518763797;amd=0.002207505518763797;plus=0.002207505518763797;sadog=0.002207505518763797;nlede=0.002207505518763797;openwrt=0.002207505518763797;ndd=0.002207505518763797;wrt=0.002207505518763797;ntomato=0.002207505518763797;nnetgear=0.004415011037527594;nsynology=0.002207505518763797;ssd=0.002207505518763797;nqnap=0.002207505518763797;nubnt=0.002207505518763797;zerohour=0.002207505518763797;qwe=0.004415011037527594;home=0.002207505518763797;xaaicp=0.002207505518763797;ngmt=0.002207505518763797;processed=0.002207505518763797;second=0.002207505518763797;queries=0.002207505518763797;gzip=0.002207505518763797;redis=0.002207505518763797;npowered=0.002207505518763797;discuz=0.002207505518763797;comsenz=0.002207505518763797;inc=0.002207505518763797
