extraction-contextData-time,image-recognition-time,word_ratio,uf.having_ip_address(url),uf.shortening_service(url),cert!=None,uf.url_length(r_url),uf.count_at(r_url),uf.count_exclamation(r_url),uf.count_plust(r_url),uf.count_sBrackets(r_url),uf.count_rBrackets(r_url),uf.count_comma(r_url),uf.count_dollar(r_url),uf.count_semicolumn(r_url),uf.count_space(r_url),uf.count_and(r_url),uf.count_double_slash(r_url),uf.count_slash(r_url),uf.count_equal(r_url),uf.count_percentage(r_url),uf.count_question(r_url),uf.count_underscore(r_url),uf.count_hyphens(r_url),uf.count_dots(r_url),uf.count_colon(r_url),uf.count_star(r_url),uf.count_or(r_url),uf.count_tilde(r_url),uf.count_http_token(r_url),uf.https_token(scheme),uf.ratio_digits(r_url),uf.count_digits(r_url),"cf.count_phish_hints(r_url,phish_hints)","uf.tld_in_path(tld,path)","uf.tld_in_subdomain(tld,subdomain)","uf.tld_in_bad_position(tld,subdomain,path)",uf.abnormal_subdomain(r_url),uf.count_redirection(request),"uf.count_external_redirection(request,domain)",uf.random_domain(second_level_domain),uf.random_words(words_raw),uf.random_words(words_raw_host),uf.random_words(words_raw_path),uf.char_repeat(words_raw),uf.char_repeat(words_raw_host),uf.char_repeat(words_raw_path),uf.punycode(r_url),uf.domain_in_brand(second_level_domain),"uf.brand_in_path(second_level_domain, words_raw_path)",uf.check_www(words_raw),uf.check_com(words_raw),uf.port(r_url),uf.length_word_raw(words_raw),uf.average_word_length(words_raw),uf.longest_word_length(words_raw),uf.shortest_word_length(words_raw),uf.prefix_suffix(r_url),uf.count_subdomain(r_url),uf.count_visual_similarity_domains(second_level_domain),cf.compression_ratio(request),cf.count_textareas(content),cf.ratio_js_on_html(Text),len(iUrl_s)+len(eUrl_s),"cf.urls_ratio(iUrl_s,iUrl_s+eUrl_s+nUrl_s)","cf.urls_ratio(eUrl_s,iUrl_s+eUrl_s+nUrl_s)","cf.urls_ratio(nUrl_s,iUrl_s+eUrl_s+nUrl_s)","cf.ratio_List(CSS,'internals')","cf.ratio_List(CSS,'externals')","cf.ratio_List(CSS,'embedded')","cf.ratio_List(SCRIPT,'internals')","cf.ratio_List(SCRIPT,'externals')","cf.ratio_List(SCRIPT,'embedded')","cf.ratio_List(Img,'externals')","cf.ratio_List(Img,'internals')",cf.count_reqs_redirections(reqs_iData_s),cf.count_reqs_redirections(reqs_eData_s),cf.count_reqs_error(reqs_iData_s),cf.count_reqs_error(reqs_eData_s),cf.login_form(Form),"cf.ratio_List(Favicon,'externals')","cf.ratio_List(Favicon,'internals')",cf.submitting_to_email(Form),"cf.ratio_List(Media,'internals')","cf.ratio_List(Media,'externals')",cf.empty_title(Title),"cf.ratio_anchor(Anchor,'unsafe')","cf.ratio_anchor(Anchor,'safe')","cf.ratio_List(Link,'internals')","cf.ratio_List(Link,'externals')",cf.iframe(IFrame),cf.onmouseover(content),cf.popup_window(content),cf.right_clic(content),"cf.domain_in_text(second_level_domain,Text)","cf.domain_in_text(second_level_domain,Title)","cf.domain_with_copyright(domain,content)","cf.count_phish_hints(Text,phish_hints)","cf.ratio_Txt(iImgTxt_words+eImgTxt_words,sContent_words)","cf.ratio_Txt(iImgTxt_words,sContent_words)","cf.ratio_Txt(eImgTxt_words,sContent_words)","cf.ratio_Txt(eImgTxt_words,iImgTxt_words)","cf.ratio_dynamic_html(Text,.join([Text_di,Text_de]))","cf.ratio_dynamic_html(Text,Text_di)",cf.ratio_js_on_html(Text_di),cf.count_textareas(content_di),len(iUrl_di)+len(eUrl_di),"cf.urls_ratio(iUrl_di,iUrl_di+eUrl_di+nUrl_di)","cf.urls_ratio(eUrl_di,iUrl_di+eUrl_di+nUrl_di)","cf.urls_ratio(nUrl_di,iUrl_di+eUrl_di+nUrl_di)","cf.ratio_List(CSS_di,'internals')","cf.ratio_List(CSS_di,'externals')","cf.ratio_List(CSS_di,'embedded')","cf.ratio_List(SCRIPT_di,'internals')","cf.ratio_List(SCRIPT_di,'externals')","cf.ratio_List(SCRIPT_di,'embedded')","cf.ratio_List(Img_di,'externals')","cf.ratio_List(Img_di,'internals')",cf.count_reqs_redirections(reqs_iData_di),cf.count_reqs_redirections(reqs_eData_di),cf.count_reqs_error(reqs_iData_di),cf.count_reqs_error(reqs_eData_di),cf.login_form(Form_di),"cf.ratio_List(Favicon_di,'externals')","cf.ratio_List(Favicon_di,'internals')",cf.submitting_to_email(Form_di),"cf.ratio_List(Media_di,'internals')","cf.ratio_List(Media_di,'externals')",cf.empty_title(Title_di),"cf.ratio_anchor(Anchor_di,'unsafe')","cf.ratio_anchor(Anchor_di,'safe')","cf.ratio_List(Link_di,'internals')","cf.ratio_List(Link_di,'externals')",cf.iframe(IFrame_di),cf.onmouseover(content_di),cf.popup_window(content_di),cf.right_clic(content_di),"cf.domain_in_text(second_level_domain,Text_di)","cf.domain_in_text(second_level_domain,Title_di)","cf.domain_with_copyright(domain,content_di)",cf.count_io_commands(internals_script_doc),"cf.count_phish_hints(Text_di,phish_hints)","cf.ratio_dynamic_html(Text,Text_de)",cf.ratio_js_on_html(Text_de),cf.count_textareas(content_de),len(iUrl_de)+len(eUrl_de),"cf.urls_ratio(iUrl_de,iUrl_de+eUrl_de+nUrl_de)","cf.urls_ratio(eUrl_de,iUrl_de+eUrl_de+nUrl_de)","cf.urls_ratio(nUrl_de,iUrl_de+eUrl_de+nUrl_de)","cf.ratio_List(CSS_de,'internals')","cf.ratio_List(CSS_de,'externals')","cf.ratio_List(CSS_de,'embedded')","cf.ratio_List(SCRIPT_de,'internals')","cf.ratio_List(SCRIPT_de,'externals')","cf.ratio_List(SCRIPT_de,'embedded')","cf.ratio_List(Img_de,'externals')","cf.ratio_List(Img_de,'internals')",cf.count_reqs_redirections(reqs_iData_de),cf.count_reqs_redirections(reqs_eData_de),cf.count_reqs_error(reqs_iData_de),cf.count_reqs_error(reqs_eData_de),cf.login_form(Form_de),"cf.ratio_List(Favicon_de,'externals')","cf.ratio_List(Favicon_de,'internals')",cf.submitting_to_email(Form_de),"cf.ratio_List(Media_de,'internals')","cf.ratio_List(Media_de,'externals')",cf.empty_title(Title_de),"cf.ratio_anchor(Anchor_de,'unsafe')","cf.ratio_anchor(Anchor_de,'safe')","cf.ratio_List(Link_de,'internals')","cf.ratio_List(Link_de,'externals')",cf.iframe(IFrame_de),cf.onmouseover(content_de),cf.popup_window(content_de),cf.right_clic(content_de),"cf.domain_in_text(second_level_domain,Text_de)","cf.domain_in_text(second_level_domain,Title_de)","cf.domain_with_copyright(domain,content_de)",cf.count_io_commands(externals_script_doc),"cf.count_phish_hints(Text_de,phish_hints)",ef.domain_registration_length(domain),ef.whois_registered_domain(domain),ef.web_traffic(r_url),ef.page_rank(domain),ef.remainder_valid_cert(hostinfo.cert),ef.valid_cert_period(hostinfo.cert),ef.count_alt_names(hostinfo.cert)
0.0,0.0,0.0,0.015617132186889648,0.015662670135498047,0.3437058925628662,0.0,0.0,0.0,0.0,0.0,0.0,0.0,0.0,0.0,0.0,0.015577316284179688,0.0,0.0,0.0,0.0,0.0,0.0,0.0,0.0,0.0,0.0,0.0,0.0,0.0,0.0,0.01562356948852539,0.0,0.015621662139892578,0.015664339065551758,0.0,0.0,0.0,0.0,0.0,0.015618085861206055,0.0936894416809082,0.06248831748962402,0.0,0.0,0.0,0.01561737060546875,0.0,0.0,0.10940909385681152,0.0,0.0,0.0,0.0,0.0,0.015560388565063477,0.0,0.0,0.0,0.1250300407409668,0.0,0.0,0.0,0.0,0.0,0.0,0.0,0.0,0.0,0.0,0.0,0.01556086540222168,0.0,0.0,0.0,0.0,0.0,0.0,0.0,0.0,0.0,0.0,0.0,0.0,0.0,0.0,0.015623807907104492,0.0,0.0,0.0,0.0,0.0,0.0,0.0,0.0,0.0,0.0,0.0,0.0,0.015619039535522461,0.0,0.0,0.0,0.0,0.0,0.0,0.0,0.0,0.0,0.0,0.0,0.0,0.0,0.0,0.0,0.0,0.0,0.0,0.0,0.01562190055847168,0.0,0.0,0.0,0.0,0.0,0.0,0.0,0.0,0.0,0.0,0.0,0.0,0.0,0.0,0.01562190055847168,0.0,0.0,0.0,0.0,0.0,0.0,0.0,0.0,0.0,0.0,0.0,0.0,0.0,0.0,0.0,0.015621423721313477,0.0,0.0,0.0,0.0,0.0,0.0,0.0,0.0,0.0,0.0,0.0,0.0,0.0,0.0,0.015621185302734375,0.0,0.0,0.0,0.0,0.0,0.0,0.0,0.0,0.0,0.0,0.0,0.0,0.0,0.0,0.015622377395629883,0.6248526573181152,0.5160553455352783,0.31187939643859863,0.29680609703063965,0.0,0.0,0.0
1.8969957828521729,0.0,0.6874039173126221,0.0,0.015620708465576172,11.434820413589478,0.0,0.0,0.0,0.0,0.0,0.0,0.0,0.015622377395629883,0.0,0.0,0.0,0.0,0.0,0.0,0.0,0.0,0.0,0.0,0.0,0.0,0.015614032745361328,0.0,0.0,0.0,0.0,0.0,0.0,0.0,0.0,0.0,0.0,0.0,0.0,0.015621662139892578,0.0,0.09373736381530762,0.031302452087402344,0.06247663497924805,0.0,0.0,0.0,0.015560626983642578,0.0,0.015687227249145508,0.0,0.0,0.0,0.0,0.0,0.0,0.0,0.0,0.015556573867797852,0.1406540870666504,0.0,0.015598535537719727,0.0,2.409367084503174,0.7034106254577637,1.7059564590454102,0.0,0.0,0.0,0.0,0.0,0.0,0.0,0.0,0.0,0.015580892562866211,0.0,0.0,0.0,0.0,0.0,0.0,0.0,0.0,0.0,0.0,0.0,0.0,0.0,0.015622377395629883,0.0,0.0,0.0,0.0,0.0,0.0,0.0,0.0,0.0,0.0,0.0,0.015620708465576172,0.0,0.0,0.0,0.0,0.6867544651031494,0.0,0.0,0.0,0.0,0.0,0.0,0.0,0.0,0.0,0.0,0.0,0.0,0.0,0.01562190055847168,0.0,0.0,0.0,0.0,0.0,0.0,0.0,0.0,0.0,0.0,0.0,0.0,0.0,0.0,0.015620946884155273,0.0,0.0,0.0,0.0,0.0,0.0,0.0,0.0,0.03128647804260254,0.6867544651031494,0.6867544651031494,0.0,0.0,0.0,0.0,0.0,0.0,0.0,0.0,0.015578508377075195,0.0,0.0,0.0,0.0,0.0,0.0,0.0,0.0,0.0,0.0,0.0,0.0,0.0,0.0,0.015622138977050781,0.0,0.0,0.0,0.0,0.0,0.0,0.0,0.0,0.03128838539123535,0.0,0.7966814041137695,0.6872999668121338,0.1410505771636963,0.07769083976745605,0.0,0.0,0.0
1.077820062637329,0.0,0.3436710834503174,0.015616178512573242,0.0,2.92120099067688,0.0,0.0,0.0,0.0,0.0,0.0,0.0,0.0,0.0,0.0,0.0,0.0,0.0,0.015623092651367188,0.0,0.0,0.0,0.0,0.0,0.0,0.0,0.0,0.0,0.0,0.0,0.0,0.0,0.015621662139892578,0.0,0.0,0.0,0.0,0.0,0.0,0.015620946884155273,0.0625455379486084,0.04680323600769043,0.015627145767211914,0.0,0.015613794326782227,0.0,0.0,0.0,0.0,0.0,0.0,0.0,0.015622377395629883,0.0,0.0,0.0,0.0,0.0,0.28118419647216797,0.0,0.015622854232788086,0.0,0.9372456073760986,0.8283450603485107,0.10890054702758789,0.0,0.0,0.0,0.0,0.0,0.0,0.0,0.0,0.0,0.0,0.0,0.015620708465576172,0.0,0.0,0.0,0.0,0.0,0.0,0.0,0.0,0.0,0.0,0.0,0.0,0.0,0.0,0.01562047004699707,0.0,0.0,0.0,0.0,0.0,0.0,0.0,0.0,0.0,0.0,0.0,0.0,0.015620708465576172,0.0,0.18745017051696777,0.0,0.0,0.0,0.0,0.0,0.015621423721313477,0.0,0.0,0.0,0.0,0.0,0.0,0.0,0.0,0.0,0.0,0.0,0.0,0.0,0.015623331069946289,0.0,0.0,0.0,0.0,0.0,0.0,0.0,0.0,0.0,0.0,0.0,0.0,0.015656232833862305,0.0,0.0,0.0,0.0,0.0,0.0,0.0,0.0,0.0,0.015583992004394531,0.0,0.0,0.0,0.0,0.0,0.0,0.0,0.0,0.0,0.0,0.0,0.0,0.0,0.015622377395629883,0.0,0.0,0.0,0.0,0.0,0.0,0.0,0.0,0.0,0.0,0.0,0.0,0.0,0.0,0.015620946884155273,0.0,0.4686398506164551,0.5155696868896484,0.1561882495880127,0.07806825637817383,0.0,0.0,0.0
1.5998802185058594,0.0,0.15620970726013184,0.0,0.0,11.419620275497437,0.0,0.0,0.0,0.0,0.0,0.0,0.0,0.0,0.015620946884155273,0.0,0.0,0.0,0.0,0.015620708465576172,0.0,0.0,0.0,0.0,0.0,0.0,0.0,0.0,0.0,0.01562190055847168,0.0,0.0,0.0,0.0,0.0,0.015620946884155273,0.0,0.0,0.0,0.0,0.0156252384185791,0.06248140335083008,0.062487125396728516,0.0,0.0,0.0,0.0,0.0,0.015620708465576172,0.09379267692565918,0.0,0.0,0.0,0.015561580657958984,0.0,0.0,0.0,0.0,0.0,0.2656211853027344,0.015560150146484375,0.0,0.0,1.546471357345581,0.9533584117889404,0.5931129455566406,0.0,0.015619754791259766,0.0,0.0,0.0,0.0,0.0,0.0,0.0,0.0,0.0,0.0,0.0,0.0,0.0,0.0,0.015621185302734375,0.0,0.0,0.0,0.0,0.0,0.0,0.0,0.0,0.0,0.0,0.0,0.0,0.0,0.0,0.015622138977050781,0.0,0.0,0.0,0.0,0.0,0.0,0.0,0.0,0.20306992530822754,0.0,0.0,0.0,0.0,0.0,0.0,0.0,0.0,0.0,0.015620708465576172,0.0,0.0,0.0,0.0,0.0,0.0,0.0,0.0,0.0,0.0,0.0,0.0,0.0,0.0,0.0,0.015621185302734375,0.0,0.0,0.0,0.0,0.0,0.0,0.0,0.0,0.0,0.0,0.0,0.01562190055847168,0.20306992530822754,0.20306992530822754,0.0,0.0,0.0,0.0,0.0,0.0,0.0,0.0,0.0,0.0,0.0,0.01562047004699707,0.0,0.0,0.0,0.0,0.0,0.0,0.0,0.0,0.0,0.0,0.0,0.0,0.0,0.01562190055847168,0.0,0.0,0.0,0.0,0.0,0.0,0.015620231628417969,0.0,0.47178077697753906,0.45355749130249023,0.15567350387573242,0.06294918060302734,0.015114545822143555,0.0,0.0
1.3590755462646484,0.0,0.15625214576721191,0.0,0.0,2.858665943145752,0.0,0.0,0.0,0.0,0.0,0.015624046325683594,0.0,0.0,0.0,0.0,0.0,0.0,0.0,0.0,0.0,0.0,0.0,0.0,0.0,0.0,0.0,0.015619277954101562,0.0,0.0,0.0,0.0,0.0,0.0,0.0,0.0,0.0,0.0,0.0,0.0,0.015621423721313477,0.06249356269836426,0.06247878074645996,0.0,0.0,0.0,0.0,0.0,0.015621185302734375,0.09379100799560547,0.0,0.0,0.0,0.0,0.0,0.0,0.0,0.0,0.0,0.265561580657959,0.0,0.04680299758911133,0.015620231628417969,2.499464750289917,2.0156195163726807,0.48384523391723633,0.0,0.0,0.04692697525024414,0.046801090240478516,0.0624852180480957,0.015659809112548828,0.0,0.0,0.0,0.0,0.015584468841552734,0.0,0.0,0.0,0.0,0.0,0.0,0.0,0.0,0.0,0.0,0.0,0.0,0.015619039535522461,0.0,0.0,0.0,0.0,0.0,0.0,0.0,0.0,0.0,0.0,0.0,0.0,0.0,0.015621185302734375,0.0,0.0,0.20543479919433594,0.0,0.0,0.0,0.0,0.0,0.0,0.0,0.0,0.0,0.0,0.0,0.0,0.0,0.0,0.015623092651367188,0.0,0.0,0.0,0.0,0.0,0.0,0.0,0.0,0.0,0.0,0.015619277954101562,0.0,0.0,0.0,0.0,0.0,0.0,0.0,0.0,0.0,0.0,0.0,0.01565408706665039,0.20543479919433594,0.19008374214172363,0.015351057052612305,0.0,0.0,0.0,0.0,0.0,0.0,0.0,0.015589237213134766,0.0,0.0,0.0,0.0,0.0,0.0,0.01566028594970703,0.0,0.031203269958496094,0.0,0.0,0.0,0.015620708465576172,0.0,0.0,0.0,0.0,0.0,0.0,0.0,0.0,0.0,0.0,0.031308889389038086,0.0,0.6248538494110107,0.5779905319213867,0.39046621322631836,0.07810831069946289,0.0,0.0,0.0
1.7989017963409424,0.0,0.15621328353881836,0.0,0.0,5.982929468154907,0.0,0.0,0.0,0.0,0.015627384185791016,0.0,0.0,0.0,0.0,0.0,0.0,0.0,0.015618324279785156,0.0,0.0,0.0,0.0,0.0,0.0,0.0,0.0,0.0,0.0,0.0,0.0,0.0,0.015619754791259766,0.0,0.0,0.0,0.0,0.0,0.0,0.0,0.015625476837158203,0.09378647804260254,0.09366321563720703,0.0,0.0,0.0,0.0,0.0,0.0,0.10941314697265625,0.015559196472167969,0.0,0.0,0.0,0.0,0.0,0.0,0.0,0.0,0.24993896484375,0.0,0.015625476837158203,0.0,0.8591363430023193,0.7029867172241211,0.15614962577819824,0.0,0.0,0.0,0.015618324279785156,0.0,0.0,0.0,0.0,0.0,0.0,0.0,0.0,0.0,0.0,0.0,0.0,0.0,0.01562190055847168,0.0,0.0,0.0,0.0,0.0,0.0,0.0,0.0,0.0,0.0,0.0,0.0,0.0,0.0,0.015620708465576172,0.0,0.0,0.0,0.0,0.0,0.0,0.0,0.1874551773071289,0.0,0.0,0.0,0.0,0.0,0.0,0.0,0.0,0.0,0.0,0.0,0.01562190055847168,0.0,0.0,0.0,0.0,0.0,0.0,0.0,0.0,0.0,0.0,0.015620231628417969,0.0,0.0,0.0,0.0,0.0,0.0,0.0,0.0,0.0,0.0,0.0,0.0,0.0,0.0,0.015623807907104492,0.1874551773071289,0.17183542251586914,0.015619754791259766,0.0,0.0,0.0,0.0,0.0,0.0,0.0,0.015619993209838867,0.0,0.0,0.0,0.0,0.0,0.0,0.0,0.0,0.0,0.0,0.0,0.0,0.0,0.015622854232788086,0.0,0.0,0.0,0.0,0.0,0.0,0.0,0.0,0.0,0.015659332275390625,0.0,0.4530360698699951,0.45296645164489746,0.1562204360961914,0.0629880428314209,0.0,0.0,0.015108346939086914
2.2494359016418457,0.0,0.04686379432678223,0.0,0.0,0.06252336502075195,0.0,0.0,0.0,0.0,0.0,0.0,0.0,0.0,0.0,0.0,0.0,0.015619039535522461,0.0,0.0,0.0,0.0,0.0,0.0,0.0,0.0,0.0,0.0,0.0,0.0,0.015621662139892578,0.0,0.0,0.0,0.0,0.0,0.0,0.0,0.0,0.0,0.015621662139892578,0.04692339897155762,0.015563249588012695,0.046866416931152344,0.015654325485229492,0.015621662139892578,0.0,0.0,0.015585899353027344,0.0,0.0,0.0,0.0,0.0,0.0,0.0,0.0,0.0,0.0,1.4684078693389893,0.0,0.04686141014099121,0.0,2.140162944793701,0.8591747283935547,1.2809882164001465,0.0,0.0,0.0,0.0,0.015621185302734375,0.0,0.0,0.0,0.0,0.0,0.0,0.0,0.0,0.0,0.0,0.0,0.0,0.0,0.015622377395629883,0.0,0.0,0.0,0.0,0.0,0.0,0.0,0.0,0.0,0.0,0.0,0.0,0.0,0.015621662139892578,0.0,0.0,0.0,0.0,0.0,0.0,0.0,0.015583992004394531,0.0,0.0,0.0,0.0,0.0,0.0,0.0,0.0,0.0,0.015619993209838867,0.0,0.0,0.0,0.0,0.0,0.0,0.0,0.0,0.0,0.0,0.015621423721313477,0.0,0.0,0.0,0.0,0.0,0.0,0.0,0.0,0.0,0.0,0.0,0.0,0.0,0.0,0.015622615814208984,0.0,0.0,0.015583992004394531,0.0,0.015583992004394531,0.0,0.0,0.0,0.0,0.0,0.0,0.0,0.0,0.0,0.0,0.0,0.0,0.0,0.015620231628417969,0.0,0.0,0.0,0.0,0.0,0.0,0.0,0.0,0.0,0.0,0.0,0.0,0.0,0.0,0.0,0.01562190055847168,0.0,0.0,0.0,0.2968418598175049,0.26569366455078125,0.15650558471679688,0.08005642890930176,0.0,0.0,0.0
0.015201807022094727,0.0,0.015578985214233398,0.0,0.0,24.24037766456604,0.0,0.0,0.0,0.0,0.015619754791259766,0.0,0.0,0.0,0.0,0.0,0.0,0.0,0.0,0.0,0.0,0.0,0.0,0.0,0.015621423721313477,0.0,0.0,0.0,0.0,0.0,0.0,0.0,0.0,0.0,0.0,0.0,0.015622615814208984,0.0,0.0,0.0,0.015687227249145508,0.06242060661315918,0.046869754791259766,0.0312349796295166,0.0,0.0,0.0,0.0,0.046905517578125,0.10931062698364258,0.0,0.0,0.015616416931152344,0.0,0.0,0.0,0.0,0.0,0.0,1.4215435981750488,0.0,0.0156552791595459,0.0,1.1877169609069824,1.1559834480285645,0.03173351287841797,0.0,0.0,0.0,0.0,0.0,0.0,0.0,0.0,0.0,0.015586376190185547,0.0,0.0,0.0,0.0,0.0,0.0,0.0,0.0,0.0,0.0,0.0,0.0,0.0,0.015623807907104492,0.0,0.0,0.0,0.0,0.0,0.0,0.0,0.0,0.0,0.0,0.0,0.0,0.0,0.015619754791259766,0.0,0.0,0.0,0.015128135681152344,0.0,0.0,0.0,0.0,0.0,0.0,0.0,0.0,0.0,0.0,0.0,0.0,0.0,0.01562190055847168,0.0,0.0,0.0,0.0,0.0,0.0,0.0,0.0,0.0,0.0,0.0,0.0,0.0,0.0,0.015620946884155273,0.0,0.0,0.0,0.0,0.0,0.0,0.0,0.0,0.0,0.0,0.0,0.0,0.0,0.0,0.0,0.0,0.0,0.0,0.015621423721313477,0.0,0.0,0.0,0.0,0.0,0.0,0.0,0.0,0.0,0.0,0.0,0.0,0.0,0.0,0.015621185302734375,0.0,0.0,0.0,0.0,0.0,0.0,0.0,0.0,0.0,0.0,0.6721947193145752,0.5506248474121094,0.15660738945007324,0.06250905990600586,0.0,0.015157938003540039,0.0
0.4062008857727051,0.06244015693664551,0.015623807907104492,0.04689812660217285,0.06247544288635254,1.4371609687805176,0.015560626983642578,0.0,0.0,0.0,0.0,0.015623331069946289,0.01562047004699707,0.0,0.0,0.0,0.0,0.0,0.015622377395629883,0.0,0.0,0.0,0.2656257152557373,0.0,0.015557289123535156,0.015621185302734375,0.0,0.0,0.0,0.0,0.0,0.015620946884155273,0.0,0.0,0.0,0.0,0.015620946884155273,0.0,0.0,0.0,0.04687380790710449,0.20313787460327148,0.14052510261535645,0.10938763618469238,0.015581130981445312,0.0,0.09372901916503906,0.07814764976501465,2.860980272293091,0.015621423721313477,0.0,0.0,0.0,0.0,0.015651941299438477,0.4217815399169922,0.0,0.0,0.015623092651367188,0.4217367172241211,0.015621662139892578,0.015623331069946289,0.0,3.829011917114258,0.7984695434570312,3.0305423736572266,0.0,0.015618324279785156,0.0,0.0,0.0,0.0,0.015637874603271484,0.0156097412109375,0.0,0.0,0.01566791534423828,0.0,0.0,0.01557016372680664,0.0,0.0,0.0,0.0,0.0,0.01562356948852539,0.0,0.0,0.0,0.0,0.0,0.015619039535522461,0.0,0.0,0.0,0.0,0.0,0.015623331069946289,0.0,0.0,0.0,0.0,0.0,0.015620231628417969,0.0,0.0,0.14058256149291992,0.015621423721313477,0.09377050399780273,0.0,0.0156552791595459,0.0,0.0,0.0,0.0,0.0,0.015586376190185547,0.0,0.0,0.0,0.0,0.0,0.0,0.0,0.0,0.01562190055847168,0.0,0.0,0.0,0.0,0.0,0.0,0.0,0.0,0.015620708465576172,0.0,0.0,0.0,0.0,0.0,0.0,0.0,0.01562356948852539,0.0,0.0,0.14058256149291992,0.07812905311584473,0.062453508377075195,0.0,0.0,0.0,0.0,0.0,0.0,0.015619277954101562,0.0,0.0,0.0,0.0,0.0,0.0,0.0,0.0,0.015621423721313477,0.0,0.0,0.0,0.0,0.0,0.0,0.0,0.0,0.015622854232788086,0.0,0.0,0.0,0.0,0.0,0.0,0.0,0.015620708465576172,0.5155470371246338,7.565637826919556,0.15617084503173828,0.06294465065002441,0.0,0.0,0.015165090560913086
0.12492680549621582,0.015621423721313477,0.015621423721313477,0.06245279312133789,0.0469207763671875,1.843360424041748,0.0,0.0,0.0,0.0,0.0,0.0,0.015623331069946289,0.01562047004699707,0.0,0.0,0.0,0.0,0.0,0.015622377395629883,0.0,0.0,0.2656257152557373,0.0,0.015557289123535156,0.015621185302734375,0.0,0.0,0.0,0.0,0.0,0.0,0.015620946884155273,0.0,0.0,0.0,0.015620946884155273,0.0,0.04687380790710449,0.0,0.14064550399780273,0.15621685981750488,0.04680061340332031,0.07810568809509277,0.03128194808959961,0.0,0.015581130981445312,0.0,2.720473289489746,0.09368515014648438,0.09377121925354004,0.12492728233337402,0.0,0.015621423721313477,0.0,0.0,0.0,0.0,0.0,0.43743348121643066,0.0,0.4373598098754883,0.0,3.79794979095459,0.6894211769104004,3.1085286140441895,0.0,0.015621662139892578,0.015623331069946289,0.0,0.015618324279785156,0.0,0.0,0.0,0.0,0.015637874603271484,0.0156097412109375,0.0,0.0,0.01566791534423828,0.0,0.0,0.0,0.01557016372680664,0.0,0.0,0.0,0.0,0.0,0.01562356948852539,0.0,0.0,0.0,0.0,0.0,0.015619039535522461,0.0,0.0,0.0,0.0,0.0,0.0,0.015623331069946289,0.0,0.0,0.0,0.15620803833007812,0.015615701675415039,0.09376645088195801,0.0,0.0,0.015620231628417969,0.0,0.0156552791595459,0.0,0.0,0.0,0.0,0.0,0.015586376190185547,0.0,0.0,0.0,0.0,0.0,0.0,0.0,0.01562190055847168,0.0,0.0,0.0,0.0,0.0,0.0,0.0,0.0,0.015620708465576172,0.0,0.0,0.0,0.0,0.0,0.0,0.0,0.0,0.15620803833007812,0.09375452995300293,0.062453508377075195,0.0,0.01562356948852539,0.0,0.0,0.0,0.0,0.0,0.0,0.0,0.015619277954101562,0.0,0.0,0.0,0.0,0.0,0.0,0.0,0.0,0.015621423721313477,0.0,0.0,0.0,0.0,0.0,0.0,0.0,0.0,0.015622854232788086,0.0,0.0,0.0,0.0,0.0,0.5467982292175293,10.115416288375854,0.1586472988128662,0.07854127883911133,0.0,0.0,0.015176773071289062
1.1111085414886475,0.0,0.8592348098754883,0.0,0.015134334564208984,0.10934853553771973,0.0,0.0,0.0,0.0,0.0,0.0,0.0,0.0,0.015621185302734375,0.0,0.0,0.0,0.0,0.0,0.0,0.0,0.0,0.0,0.0,0.015620708465576172,0.0,0.0,0.0,0.0,0.0,0.0,0.0,0.0,0.0,0.0,0.015623092651367188,0.0,0.0,0.0,0.031311988830566406,0.484194278717041,0.09372711181640625,0.3749086856842041,0.0,0.0,0.0,0.0,0.015623331069946289,0.01562047004699707,0.0,0.0,0.0,0.0,0.0,0.0,0.015622377395629883,0.0,0.0,0.2656257152557373,0.015557289123535156,0.0,0.015621185302734375,0.9684817790985107,0.640432596206665,0.3280491828918457,0.0,0.0,0.0,0.0,0.0,0.015620946884155273,0.0,0.0,0.0,0.0,0.0,0.0,0.015620946884155273,0.0,0.0,0.0,0.04687380790710449,0.0,0.0624852180480957,0.06254720687866211,0.14052152633666992,0.03130841255187988,0.04680061340332031,0.062487125396728516,0.04690051078796387,0.0,0.015581130981445312,0.0,0.0625309944152832,0.046819448471069336,0.17183470726013184,0.07810592651367188,0.174149751663208,0.2968482971191406,0.10930585861206055,0.10935020446777344,0.2655618190765381,0.328047513961792,0.23432111740112305,0.2811853885650635,0.07802152633666992,0.06305718421936035,0.0,0.0,0.14059042930603027,0.15621304512023926,0.09372925758361816,0.06253337860107422,0.10934615135192871,0.09368515014648438,0.07810544967651367,0.06252741813659668,0.06248593330383301,0.015579700469970703,0.015621423721313477,0.0,0.0,0.0,0.0,0.0,0.046861886978149414,0.39057159423828125,0.0,0.4373598098754883,0.0,0.031244993209838867,0.0,0.015618324279785156,0.0,0.0,0.0,0.0,0.0,0.0,0.015637874603271484,0.0156097412109375,0.0,0.0,0.01566791534423828,0.07802152633666992,0.07802152633666992,0.0,0.0,0.0,0.0,0.01557016372680664,0.0,0.0,0.0,0.0,0.0,0.01562356948852539,0.0,0.0,0.0,0.0,0.0,0.015619039535522461,0.0,0.0,0.0,0.0,0.015623331069946289,0.0,0.0,0.0,0.0,0.0,0.0,0.015620231628417969,0.0,0.0,0.0,0.0156552791595459,0.0,0.5155105590820312,0.49988460540771484,0.14101362228393555,0.07764339447021484,0.0,0.0,0.0
0.015643835067749023,0.0,0.0,0.0,0.0,0.312441349029541,0.0,0.015620231628417969,0.0,0.0,0.0,0.0,0.0,0.0,0.0,0.0,0.0,0.0,0.0,0.0,0.0,0.0,0.0,0.015621423721313477,0.0,0.0,0.0,0.0,0.0,0.0,0.0,0.0,0.0,0.0,0.0,0.0,0.015620231628417969,0.0,0.0,0.0,0.03130674362182617,0.12497687339782715,0.04683351516723633,0.14059662818908691,0.01564478874206543,0.015555143356323242,0.0,0.0,0.21874237060546875,0.0,0.015579462051391602,0.0,0.0,0.0,0.0,0.0,0.0,0.0,0.0,0.04686141014099121,0.0,0.015621185302734375,0.0,0.0,0.0,0.0,0.0,0.0,0.0,0.0,0.0,0.0,0.0,0.0,0.0,0.0,0.0,0.0,0.0,0.0,0.015621423721313477,0.001529693603515625,0.0,0.0,0.0,0.0,0.0,0.0,0.0,0.0,0.0,0.0,0.0,0.0,0.0,0.0,0.015625476837158203,0.0,0.0,0.0,0.0,0.0,0.0,0.0,0.0,0.0,0.0,0.0,0.0,0.0,0.0,0.0,0.0,0.0,0.0,0.015622138977050781,0.0,0.0,0.0,0.0,0.0,0.0,0.0,0.0,0.0,0.0,0.0,0.0,0.0,0.0,0.015622138977050781,0.0,0.0,0.0,0.0,0.0,0.0,0.0,0.0,0.0,0.0,0.0,0.0,0.0,0.015619993209838867,0.0,0.0,0.0,0.0,0.0,0.0,0.0,0.0,0.0,0.0,0.0,0.0,0.0,0.0,0.0,0.0,0.0,0.0,0.015623331069946289,0.0,0.0,0.0,0.0,0.0,0.0,0.0,0.0,0.0,0.0,0.0,0.0,0.0,0.0,0.015619754791259766,0.0,0.0,0.09372735023498535,0.031458377838134766,0.15599799156188965,0.06302642822265625,0.0,0.0,0.0
1.5171394348144531,0.0,0.10935091972351074,0.0,0.015575408935546875,0.907538890838623,0.0,0.0,0.0,0.0,0.0,0.0,0.0,0.0,0.0,0.0,0.0,0.0,0.0,0.0,0.01562047004699707,0.0,0.0,0.0,0.0,0.0,0.0,0.0,0.0,0.0,0.0,0.0,0.0,0.0,0.0,0.015622138977050781,0.0,0.0,0.0,0.0,0.04690694808959961,0.062487125396728516,0.04681849479675293,0.015625715255737305,0.0,0.0,0.0,0.0,2.0463902950286865,0.0,0.0,0.0,0.0,0.0,0.015621662139892578,0.0,0.0,0.0,0.0,0.03124260902404785,0.015621185302734375,0.09377217292785645,0.0,6.436002731323242,2.6716740131378174,3.764328718185425,0.0,0.0,0.015577316284179688,0.0,0.0,0.0,0.0,0.0,0.0,0.0,0.0,0.0,0.0,0.0,0.0,0.0,0.0,0.0,0.0,0.0,0.015621185302734375,0.0,0.0,0.0,0.0,0.03128671646118164,0.046881675720214844,0.015565872192382812,0.04691886901855469,0.04680347442626953,0.015621185302734375,0.015628814697265625,0.031297922134399414,0.015617609024047852,0.04680514335632324,0.03128623962402344,0.0,0.0,0.0,0.0,0.0,0.0,0.0,0.0,0.06248354911804199,0.06248593330383301,0.04682016372680664,0.07815074920654297,0.03124403953552246,0.0624394416809082,0.062485456466674805,0.062485456466674805,0.06253242492675781,0.10930275917053223,0.031243324279785156,0.07810473442077637,0.062486886978149414,0.031244277954101562,0.07810688018798828,0.06248331069946289,0.07814502716064453,0.03124856948852539,0.015577554702758789,0.10939383506774902,0.0624852180480957,0.07810664176940918,0.10930418968200684,0.09377312660217285,0.07806229591369629,0.07815027236938477,0.0781087875366211,0.07810592651367188,0.06244230270385742,0.03128480911254883,0.09372735023498535,0.06244397163391113,0.031241178512573242,0.06252884864807129,0.09368324279785156,0.0,0.0,0.0,0.0,0.12497329711914062,0.09372663497924805,0.015622138977050781,0.0,0.0,0.0,0.0,0.0,0.015621185302734375,0.0,0.0,0.0,0.0,0.09377169609069824,0.10931062698364258,0.07810163497924805,0.09372830390930176,0.04686450958251953,0.04690742492675781,0.09372615814208984,0.10935044288635254,0.10934829711914062,0.031242847442626953,0.17179322242736816,0.04686164855957031,0.09372925758361816,0.09372782707214355,0.10935163497924805,0.046861886978149414,0.031244277954101562,0.062485694885253906,0.09376859664916992,75.99518632888794,0.7353236675262451,0.2810542583465576,0.23477888107299805,0.015161514282226562,0.0,0.0
5.6567912101745605,0.015619516372680664,1.7183482646942139,0.0,0.0,0.4701707363128662,0.0,0.0,0.0,0.015621662139892578,0.0,0.0,0.0,0.03124260902404785,0.015621185302734375,0.015668630599975586,0.07810354232788086,0.0,0.0,0.015577316284179688,0.0,0.0,0.0,0.0,0.0,0.0,0.0,0.015622854232788086,0.0,0.0,0.0,0.0,0.0,0.0,0.0,0.0,0.015621185302734375,0.0,0.0,0.0,0.0937342643737793,0.12497234344482422,0.046915531158447266,0.07809138298034668,0.0,0.0,0.0,0.0,2.546234607696533,0.0,0.0,0.0,0.0,0.015621185302734375,0.0,0.0,0.0,0.0,0.0,77.54174184799194,0.01562047004699707,0.015664100646972656,0.0,2.3744053840637207,2.0932199954986572,0.2811853885650635,0.0,0.0,0.0,0.0,0.0,0.015577554702758789,0.0,0.0,0.0,0.0,0.0,0.0,0.0,0.0,0.0,0.0,0.0,0.0,0.0,0.0,0.015621185302734375,0.0,0.0,0.0,0.0,0.0,0.0,0.0,0.0,0.0,0.0,0.0,0.0,0.0,0.0,0.0156252384185791,0.0,0.0,0.0,0.046936750411987305,0.07810759544372559,0.7185816764831543,0.1874532699584961,0.0,0.0,0.0,0.0,0.0,0.0,0.0,0.0,0.0,0.0,0.0,0.0,0.0,0.0,0.015565872192382812,0.0,0.0,0.0,0.0,0.0,0.0,0.0,0.0,0.0,0.0,0.0,0.0,0.0,0.015601873397827148,0.0,0.0,0.01562047004699707,0.0,0.0,0.0,0.0,0.07810759544372559,0.07810759544372559,0.0,0.0,0.0,0.0,0.0,0.0,0.0,0.0,0.01562190055847168,0.0,0.0,0.0,0.0,0.0,0.0,0.0,0.0,0.0,0.0,0.0,0.0,0.0,0.0,0.0,0.01562047004699707,0.0,0.0,0.0,0.0,0.0,0.0,0.0,0.0,0.0,0.7195711135864258,0.500049352645874,0.1560955047607422,0.06289887428283691,0.01516103744506836,0.0,0.0
1.3217523097991943,0.0,0.046796321868896484,0.0,0.0,0.4373953342437744,0.0,0.0,0.0,0.0,0.0,0.015620946884155273,0.0,0.0,0.0,0.0,0.0,0.0,0.0,0.0,0.0,0.015620708465576172,0.0,0.0,0.0,0.0,0.0,0.0,0.0,0.0,0.0,0.0,0.0,0.0,0.0,0.01562047004699707,0.0,0.0,0.0,0.0,0.06248927116394043,0.10935187339782715,0.0624849796295166,0.04685831069946289,0.0,0.0,0.0,0.0,1.7199220657348633,0.0,0.0,0.0,0.0,0.0,0.015578031539916992,0.0,0.0,0.0,0.0,0.046930551528930664,0.0,0.015599489212036133,0.0,3.0930278301239014,1.6250667572021484,1.467961072921753,0.0,0.015578031539916992,0.0,0.0,0.0,0.0,0.0,0.0,0.0,0.015619277954101562,0.0,0.0,0.0,0.0,0.0,0.0,0.0,0.015621185302734375,0.031243562698364258,0.015660524368286133,0.062454938888549805,0.06254172325134277,0.015625476837158203,0.031209945678710938,0.01564764976501465,0.01555943489074707,0.06248593330383301,0.04690194129943848,0.0,0.0,0.0,0.031203031539916992,0.07815146446228027,0.12492728233337402,0.046911001205444336,0.031238079071044922,0.06244397163391113,0.04686379432678223,0.06253647804260254,0.06247591972351074,0.0,0.0,0.0,0.0,0.062441110610961914,0.046907663345336914,0.0624845027923584,0.06248617172241211,0.062485694885253906,0.07810664176940918,0.03120112419128418,0.09377050399780273,0.06248736381530762,0.04681825637817383,0.06248736381530762,0.03128552436828613,0.07806205749511719,0.06248593330383301,0.062485694885253906,0.04686260223388672,0.14063501358032227,0.0,0.0,0.01557779312133789,0.0,0.0,0.0,0.0,0.0,0.0,0.0,0.031244516372680664,0.015680789947509766,0.0780484676361084,0.09377002716064453,0.0,0.0,0.0,0.015576362609863281,0.0,0.0,0.0,0.0,0.0,0.0,0.0,0.0,0.0,0.0,0.0,0.015622854232788086,0.0,0.0,0.0,0.0,0.0,0.0,0.0,0.0,0.01562190055847168,0.0,0.0,0.0,0.0,0.0,0.0,0.0,0.0,0.015624523162841797,0.0,0.0,0.0,0.0,0.0,0.0,0.6873409748077393,0.5003376007080078,0.15575432777404785,0.0629425048828125,0.0,0.0,0.015167713165283203
0.3905322551727295,0.0,0.15621304512023926,0.031243324279785156,0.04681873321533203,0.4842185974121094,0.09377169609069824,0.046863555908203125,0.0,0.0,0.0,0.0,0.0,0.015578031539916992,0.0,0.0,0.0,0.0,0.046930551528930664,0.0,0.015599489212036133,0.0,0.015578031539916992,0.0,0.0,0.0,0.0,0.0,0.0,0.0,0.0,0.015619277954101562,0.0,0.0,0.0,0.0,0.0,0.0,0.015621185302734375,0.0,0.031243562698364258,0.15628266334533691,0.046857595443725586,0.12494730949401855,0.0,0.0,0.0,0.015581369400024414,1.6246628761291504,0.0,0.0,0.01557779312133789,0.0,0.0,0.0,0.0,0.0,0.0,0.0,0.04692530632019043,0.0,0.17181849479675293,0.0,3.8287572860717773,1.515270709991455,2.3134865760803223,0.0,0.0,0.015576362609863281,0.0,0.0,0.0,0.0,0.0,0.0,0.0,0.0,0.015622854232788086,0.0,0.0,0.0,0.0,0.0,0.0,0.0,0.0,0.01562190055847168,0.0,0.0,0.0,0.0,0.0,0.0,0.0,0.015624523162841797,0.0,0.0,0.0,0.0,0.0,0.0,0.0,0.0,0.015615463256835938,0.0,0.0,0.14063644409179688,0.12497234344482422,0.0624852180480957,0.0,0.0,0.0,0.0,0.0,0.0,0.0,0.0,0.0,0.0,0.0,0.0,0.015622138977050781,0.0,0.0,0.0,0.0,0.0,0.0,0.0,0.0,0.0,0.0,0.0,0.0,0.0,0.0,0.015622377395629883,0.0,0.0,0.0,0.0,0.0,0.0,0.0,0.0,0.14063644409179688,0.09372901916503906,0.04690742492675781,0.0,0.0,0.0,0.0,0.0,0.0,0.0,0.0,0.015621662139892578,0.0,0.0,0.0,0.0,0.0,0.0,0.0,0.0,0.0,0.0,0.0,0.0,0.0,0.0,0.015619993209838867,0.0,0.0,0.0,0.0,0.0,0.0,0.0,0.0,0.0,0.8279752731323242,1.4684033393859863,0.14101409912109375,0.07810449600219727,0.015212059020996094,0.0,0.0
1.5001006126403809,0.0,0.10935044288635254,0.0,0.0,0.7357614040374756,0.0,0.0,0.0,0.0,0.0,0.015620708465576172,0.0,0.0,0.0,0.0,0.0,0.0,0.0,0.0,0.0,0.0,0.0,0.0,0.0,0.0,0.0,0.01562047004699707,0.0,0.0,0.0,0.0,0.0,0.0,0.0,0.0,0.0,0.0,0.0,0.0,0.04689836502075195,0.1562483310699463,0.04686236381530762,0.09372568130493164,0.0,0.0,0.0,0.015557527542114258,1.5465116500854492,0.0,0.0,0.0,0.0,0.0,0.0,0.0,0.0,0.0,0.015622854232788086,0.031241893768310547,0.0,0.07810807228088379,0.0,1.9555046558380127,1.2028422355651855,0.7526624202728271,0.0,0.0,0.0,0.0,0.0,0.0,0.015621662139892578,0.0,0.0,0.0,0.0,0.0,0.0,0.0,0.0,0.0,0.0,0.0,0.0,0.0,0.01562047004699707,0.0,0.0,0.0,0.0,0.0,0.0,0.0,0.0,0.0,0.0,0.0,0.0,0.0,0.0,0.015621423721313477,0.0,0.0,0.0,0.0,0.0,0.0,0.0,0.0,0.0,0.0,0.0,0.0,0.0,0.0,0.0,0.0,0.0,0.0,0.015620708465576172,0.0,0.0,0.0,0.0,0.0,0.0,0.0,0.0,0.0,0.0,0.0,0.0,0.0,0.0,0.0,0.015621423721313477,0.0,0.0,0.0,0.01566171646118164,0.0,0.0,0.0,0.0,0.0,0.0,0.0,0.0,0.0,0.0,0.0,0.0,0.0,0.0,0.015583038330078125,0.0,0.0,0.0,0.0,0.0,0.0,0.0,0.0,0.0,0.0,0.0,0.0,0.0,0.0,0.015618324279785156,0.0,0.0,0.0,0.0,0.0,0.0,0.0,0.0,0.0,0.0,0.7810885906219482,0.7967085838317871,0.15622735023498535,0.0781099796295166,0.0,0.0,0.0
0.7649660110473633,0.0,0.17183279991149902,0.04692339897155762,0.015558481216430664,0.5940525531768799,0.0,0.0,0.0,0.09378957748413086,0.09372806549072266,0.07804536819458008,0.09372854232788086,0.03124237060546875,0.09372615814208984,0.12501788139343262,0.07806110382080078,0.0781092643737793,0.07810187339782715,0.06253266334533691,0.07810854911804199,0.0624392032623291,0.07810401916503906,0.031243085861206055,0.0781092643737793,0.10934591293334961,0.031287431716918945,0.04686427116394043,0.0780637264251709,0.06252861022949219,0.031241178512573242,0.062488555908203125,0.0781087875366211,0.062439918518066406,0.015619039535522461,0.06248736381530762,0.06252431869506836,0.0,0.0,0.0,0.07807445526123047,0.10934281349182129,0.04686307907104492,0.06254959106445312,0.031234025955200195,0.0,0.015566587448120117,0.0,1.8120746612548828,0.12497091293334961,0.0,0.0,0.015619993209838867,0.0,0.0,0.0,0.0,0.0,0.0,0.04686450958251953,0.0,0.0,0.0,0.861933708190918,0.768310546875,0.09362316131591797,0.0,0.015620708465576172,0.0,0.0,0.0,0.0,0.0,0.0,0.0,0.015621185302734375,0.0,0.0,0.0,0.0,0.0,0.0,0.0,0.0,0.015621662139892578,0.0,0.0,0.0,0.0,0.0,0.0,0.0,0.0,0.015623092651367188,0.0,0.0,0.0,0.015621185302734375,0.0,0.0,0.0,0.0,0.0,0.0,0.0,0.01562047004699707,0.32756662368774414,0.0,0.0,0.0,0.0,0.0,0.0,0.0,0.0,0.0,0.0,0.0,0.015622854232788086,0.0,0.0,0.0,0.0,0.0,0.0,0.0,0.015619039535522461,0.0,0.0,0.0,0.0,0.0,0.0,0.0,0.015621423721313477,0.0,0.0,0.0,0.0,0.0,0.0,0.0,0.0,0.0,0.015621662139892578,0.32756662368774414,0.2806975841522217,0.04686903953552246,0.0,0.0,0.0,0.0,0.0,0.0,0.0,0.0,0.0,0.0,0.015621423721313477,0.0,0.0,0.0,0.0,0.0,0.0,0.0,0.0,0.0,0.0,0.0,0.0,0.0,0.0,0.0,0.0,0.0,0.0,0.0,0.0,0.0,0.0,0.5155136585235596,0.7810978889465332,0.14099335670471191,0.07771515846252441,0.0,0.0,0.0
0.7030060291290283,0.0,0.1406114101409912,0.0,0.0,0.35929107666015625,0.0,0.0,0.0,0.0,0.0,0.0,0.0,0.0,0.0,0.015621423721313477,0.0,0.0,0.0,0.0,0.0,0.0,0.0,0.0,0.0,0.0,0.0,0.0,0.015621185302734375,0.0,0.0,0.0,0.0,0.0,0.0,0.0,0.0,0.0,0.0,0.0,0.07817602157592773,0.10927891731262207,0.04686903953552246,0.06248188018798828,0.0,0.0,0.0,0.0,1.7964553833007812,0.14063072204589844,0.0,0.0,0.0,0.07807445526123047,0.06254363059997559,0.0467991828918457,0.04686307907104492,0.031299591064453125,0.03125,0.031234025955200195,0.0,0.015566587448120117,0.0,1.1582167148590088,0.877039909362793,0.2811768054962158,0.0,0.01566004753112793,0.0780646800994873,0.062485694885253906,0.09377503395080566,0.07806229591369629,0.10939192771911621,0.09372949600219727,0.031239748001098633,0.07811641693115234,0.046854496002197266,0.06244373321533203,0.046906471252441406,0.031199216842651367,0.04686546325683594,0.09376907348632812,0.06248664855957031,0.04682183265686035,0.015664100646972656,0.04682159423828125,0.046906232833862305,0.03124523162841797,0.031241893768310547,0.06244063377380371,0.06252932548522949,0.03126049041748047,0.140578031539917,0.04685783386230469,0.031246423721313477,0.07806253433227539,0.07810354232788086,0.031244516372680664,0.12497091293334961,0.0,0.0,0.0,0.015619993209838867,0.0,0.0,0.0,0.21869826316833496,0.0,0.0,0.0,0.0,0.0,0.0,0.03130507469177246,0.01555943489074707,0.0,0.0,0.015620708465576172,0.0,0.0,0.0,0.0,0.0,0.0,0.0,0.0,0.015621185302734375,0.0,0.0,0.0,0.0,0.0,0.0,0.0,0.015621662139892578,0.0,0.0,0.0,0.0,0.0,0.0,0.0,0.0,0.015623092651367188,0.0,0.21869826316833496,0.21869826316833496,0.0,0.0,0.0,0.0,0.015621185302734375,0.0,0.0,0.0,0.0,0.0,0.0,0.0,0.01562047004699707,0.0,0.0,0.0,0.0,0.0,0.0,0.0,0.0,0.015622854232788086,0.0,0.0,0.0,0.0,0.0,0.0,0.0,0.015619039535522461,0.0,0.0,0.0,0.0,1.077873945236206,0.797971248626709,0.142106294631958,0.07769107818603516,0.0,0.0,0.0
0.43763279914855957,0.0,0.015342235565185547,0.015623331069946289,0.0,0.3436696529388428,0.0,0.0,0.0,0.0,0.0,0.0,0.0,0.0,0.0,0.0,0.0,0.0,0.015619277954101562,0.0,0.0,0.0,0.0,0.0,0.0,0.0,0.0,0.0,0.0,0.0,0.0,0.0,0.0,0.01562356948852539,0.0,0.0,0.0,0.0,0.0,0.0,0.031242847442626953,0.2031397819519043,0.14057540893554688,0.12492489814758301,0.07810688018798828,0.07810521125793457,0.12497353553771973,0.015619039535522461,0.42182064056396484,0.37486791610717773,0.0625295639038086,0.04686760902404785,0.06243705749511719,0.09372973442077637,0.015619516372680664,0.015622854232788086,0.0,0.0,0.0,0.0624847412109375,0.0,0.015621423721313477,0.0,0.515448808670044,0.515448808670044,0.0,0.0,0.0,0.0,0.0,0.0,0.01562190055847168,0.0,0.0,0.0,0.0,0.0,0.0,0.01562190055847168,0.0,0.0,0.0,0.0,0.0,0.0,0.015619754791259766,0.0,0.0,0.0,0.0,0.0,0.0,0.01562047004699707,0.0,0.0,0.0,0.0,0.0,0.015623331069946289,0.0,0.0,0.0,0.0,0.046865224838256836,0.0,0.031299591064453125,0.0,0.0,0.0,0.0,0.062493085861206055,0.01555943489074707,0.06248116493225098,0.06254315376281738,0.0937354564666748,0.0,0.062462568283081055,0.04688549041748047,0.0,0.015556812286376953,0.07815289497375488,0.0624384880065918,0.06248784065246582,0.07810664176940918,0.21873903274536133,0.15616989135742188,0.12502360343933105,0.1718294620513916,0.14058804512023926,0.1405494213104248,0.31242918968200684,0.12501239776611328,0.2030775547027588,0.17179274559020996,0.07810401916503906,0.07810759544372559,0.10935091972351074,0.3124253749847412,0.1875,0.3436264991760254,0.09372711181640625,0.0,0.0,0.015622138977050781,0.0,0.0,0.0,0.0,0.0,0.031244516372680664,0.0,0.015619516372680664,0.0,0.06252813339233398,0.23427796363830566,0.0,0.2500035762786865,0.015615701675415039,0.015565872192382812,0.0,0.0,0.01561880111694336,0.0,0.0,0.0,0.0,0.0,0.015621662139892578,0.0,0.0,0.0,0.0,0.0,0.015622854232788086,0.0,0.0,0.0,0.0,0.01562047004699707,0.0,0.0,1.0466339588165283,1.0622835159301758,0.3124549388885498,0.1897268295288086,0.046868085861206055,0.07810759544372559,0.07812285423278809
0.9056048393249512,0.0,0.03123927116394043,0.0,0.0,0.6096656322479248,0.01562190055847168,0.0,0.0,0.0,0.0,0.0,0.0,0.01562190055847168,0.0,0.0,0.0,0.0,0.0,0.0,0.015619754791259766,0.0,0.0,0.0,0.0,0.0,0.01562047004699707,0.0,0.0,0.0,0.0,0.0,0.0,0.015623331069946289,0.0,0.0,0.046865224838256836,0.031299591064453125,0.04680514335632324,0.015687942504882812,0.07804059982299805,0.1562786102294922,0.062462568283081055,0.04688549041748047,0.015556812286376953,0.0,0.09372925758361816,0.09377026557922363,3.061739206314087,0.0,0.0,0.015622138977050781,0.015620946884155273,0.0,0.01562356948852539,0.015619516372680664,0.06252813339233398,0.23427796363830566,0.01562047004699707,0.2499988079071045,0.0,0.015565872192382812,0.0,1.8901803493499756,1.8589396476745605,0.03124070167541504,0.0,0.0,0.01561880111694336,0.0,0.0,0.0,0.0,0.015621662139892578,0.0,0.0,0.0,0.0,0.0,0.015622854232788086,0.0,0.0,0.0,0.0,0.0,0.0,0.01562047004699707,0.0,0.0,0.0,0.0,0.0,0.0,0.0,0.0,0.015621662139892578,0.0,0.0,0.0,0.0,0.0,0.0,0.0,0.0,0.015619993209838867,0.0,0.0,0.03124403953552246,0.015621423721313477,0.0,0.0,0.04686999320983887,0.0,0.0,0.0,0.0,0.015616178512573242,0.0,0.0,0.0,0.0,0.0,0.0,0.0,0.0,0.015620708465576172,0.0,0.0,0.0,0.0,0.0,0.0,0.015630722045898438,0.0,0.0,0.0,0.0,0.0,0.015612602233886719,0.0,0.0,0.0,0.0,0.0,0.0,0.0,0.0,0.0,0.0,0.0,0.015621185302734375,0.0,0.0,0.0,0.0,0.0,0.0,0.015620946884155273,0.0,0.0,0.0,0.0,0.0,0.0,0.0,0.0,0.015621423721313477,0.0,0.0,0.0,0.0,0.0,0.0,0.0,0.0,0.015623092651367188,0.0,0.0,0.0,0.0,0.0,0.29680585861206055,0.2968027591705322,0.15621709823608398,0.07810592651367188,0.0,0.015623807907104492,0.0
0.6249041557312012,0.0,0.03125405311584473,0.0,0.03124070167541504,0.4060988426208496,0.03124403953552246,0.0,0.015621423721313477,0.0,0.0,0.0,0.0,0.0,0.01562190055847168,0.0,0.0,0.0,0.0,0.0,0.01562190055847168,0.0,0.0,0.0,0.0,0.015619754791259766,0.0,0.0,0.0,0.0,0.0,0.0,0.01562047004699707,0.0,0.0,0.0,0.015623331069946289,0.0,0.0,0.0,0.046865224838256836,0.09379267692565918,0.07804059982299805,0.1562786102294922,0.0,0.062462568283081055,0.04688549041748047,0.015556812286376953,3.202421188354492,0.031239986419677734,0.0,0.0,0.015622138977050781,0.0,0.015620946884155273,0.01562356948852539,0.0,0.015619516372680664,0.0,0.29680609703063965,0.2500035762786865,0.015615701675415039,0.015565872192382812,2.2963368892669678,2.218233108520508,0.07810378074645996,0.0,0.0,0.01561880111694336,0.0,0.0,0.0,0.0,0.0,0.015621662139892578,0.0,0.0,0.0,0.0,0.0,0.015622854232788086,0.0,0.0,0.0,0.0,0.0,0.0,0.01562047004699707,0.0,0.0,0.0,0.0,0.0,0.0,0.0,0.015621662139892578,0.0,0.0,0.0,0.0,0.0,0.0,0.0,0.0,0.015619993209838867,0.0,0.015622854232788086,0.046909332275390625,0.062439918518066406,0.0,0.0,0.04686999320983887,0.0,0.0,0.0,0.0,0.015616178512573242,0.0,0.0,0.0,0.0,0.0,0.0,0.0,0.0,0.015620708465576172,0.0,0.0,0.0,0.0,0.0,0.0,0.015630722045898438,0.0,0.0,0.0,0.0,0.0,0.015612602233886719,0.0,0.0,0.0,0.0,0.0,0.0,0.015622854232788086,0.015622854232788086,0.0,0.0,0.0,0.015621185302734375,0.0,0.0,0.0,0.0,0.0,0.0,0.0,0.015620946884155273,0.0,0.0,0.0,0.0,0.0,0.0,0.0,0.015621423721313477,0.0,0.0,0.0,0.0,0.0,0.0,0.0,0.0,0.015623092651367188,0.0,0.0,0.0,0.0,0.0,0.2816433906555176,0.3119652271270752,0.2659108638763428,0.07779121398925781,0.0,0.0,0.0
0.5311260223388672,0.07810616493225098,0.0,0.0,0.0,2.046393871307373,0.0,0.0,0.0,0.0,0.0,0.0,0.0,0.015622377395629883,0.0,0.0,0.0,0.0,0.0,0.0,0.0,0.0,0.0,0.0,0.0,0.0,0.0,0.0,0.015621185302734375,0.0,0.0,0.0,0.0,0.0,0.0,0.0,0.01565694808959961,0.0,0.0,0.0,0.046830177307128906,0.29684019088745117,0.046835899353027344,0.26561903953552246,0.0,0.04909062385559082,0.0,0.0,0.48426318168640137,0.0,0.0,0.0,0.01562047004699707,0.0,0.015621185302734375,0.015622854232788086,0.015620231628417969,0.0,0.0,0.12503314018249512,0.0,0.031226158142089844,0.0,2.4056925773620605,1.9995756149291992,0.40611696243286133,0.0,0.015577077865600586,0.0,0.0,0.0,0.0,0.0,0.0,0.0,0.0,0.0,0.0,0.0,0.0,0.015620708465576172,0.0,0.0,0.0,0.0,0.0,0.0,0.0,0.0,0.0,0.0,0.0,0.0,0.0,0.0,0.015620708465576172,0.0,0.0,0.0,0.0,0.0,0.0,0.0,0.0,0.0,0.0,0.0,0.015615224838256836,0.0,0.0,0.0,0.0,0.0,0.0,0.015621185302734375,0.0,0.0,0.0,0.0,0.0,0.0,0.0,0.0,0.0,0.0,0.0,0.0,0.0,0.0,0.0,0.015621423721313477,0.0,0.0,0.0,0.0,0.0,0.0,0.0,0.0,0.0,0.0,0.0,0.0,0.015621185302734375,0.0,0.0,0.0,0.0,0.0,0.0,0.0,0.0,0.0,0.0,0.0,0.0,0.0,0.0,0.0,0.015622854232788086,0.0,0.0,0.0,0.0,0.0,0.0,0.0,0.0,0.015619754791259766,0.0,0.0,0.0,0.0,0.015620946884155273,0.0,0.0,0.0,0.0,0.0,0.0,0.0,0.6404783725738525,0.5155057907104492,0.12555551528930664,0.07752561569213867,0.0,0.0,0.0
0.04909062385559082,0.04691028594970703,0.0,0.015570878982543945,0.0,0.9060497283935547,0.0,0.0,0.0,0.0,0.0,0.0,0.0,0.0,0.015620946884155273,0.0,0.0,0.0,0.0,0.0,0.0,0.0,0.0,0.0,0.0,0.0,0.0,0.0,0.0,0.01562190055847168,0.0,0.0,0.0,0.0,0.0,0.0,0.0,0.0,0.0,0.0,0.04690909385681152,0.06250214576721191,0.031248092651367188,0.031235933303833008,0.015563011169433594,0.0,0.0,0.0,0.3749105930328369,0.0,0.0,0.0,0.015621423721313477,0.0,0.0,0.0,0.0,0.0,0.0,0.06248617172241211,0.0,0.0,0.0,2.3432528972625732,1.8281323909759521,0.5151205062866211,0.0,0.015619039535522461,0.0,0.0,0.0,0.0,0.0,0.0,0.0,0.0,0.015623331069946289,0.0,0.0,0.0,0.0,0.0,0.0,0.0,0.015618562698364258,0.0,0.03125,0.03124523162841797,0.031235456466674805,0.0,0.046869754791259766,0.015681743621826172,0.015614509582519531,0.0,0.0,0.0,0.0,0.07804536819458008,0.07810568809509277,0.09377288818359375,0.031198978424072266,0.09377121925354004,0.0,0.0,0.0,0.0,0.0,0.0,0.0,0.0,0.015578269958496094,0.0,0.0,0.0,0.0,0.0,0.031245946884155273,0.015620708465576172,0.0,0.015621662139892578,0.0,0.0,0.0,0.0,0.0,0.0,0.0,0.0,0.015618324279785156,0.0,0.0,0.0,0.0,0.0,0.0,0.0,0.015623092651367188,0.0,0.0,0.0,0.0,0.0,0.0,0.0,0.0,0.0,0.0,0.0,0.0,0.0,0.0,0.015621185302734375,0.0,0.0,0.0,0.0,0.0,0.0,0.0,0.0,0.015621423721313477,0.0,0.0,0.0,0.0,0.0,0.0,0.0,0.0,0.0,0.0,0.015621423721313477,0.0,0.0,0.0,0.0,0.0,0.0,0.0,0.0,0.0,0.5323495864868164,10.12138819694519,0.14052486419677734,0.06258130073547363,0.0,0.0,0.015140533447265625
0.12503314018249512,0.031226158142089844,0.0,0.04686427116394043,0.062484025955200195,1.2519638538360596,0.04686570167541504,0.0,0.0,0.0,0.015621423721313477,0.0,0.0,0.0,0.0,0.0,0.0,0.0,0.03124380111694336,0.015618562698364258,0.015623807907104492,0.0,0.0,0.015619039535522461,0.0,0.0,0.0,0.0,0.0,0.0,0.0,0.0,0.015623331069946289,0.0,0.0,0.0,0.0,0.0,0.015618562698364258,0.0,0.03125,0.06248068809509277,0.046869754791259766,0.0312962532043457,0.0,0.0,0.0,0.0,0.3748941421508789,0.0,0.0,0.0,0.0,0.015578269958496094,0.0,0.0,0.0,0.0,0.0,0.046866655349731445,0.0,0.015621662139892578,0.0,2.1088430881500244,1.499610185623169,0.6092329025268555,0.0,0.0,0.0,0.0,0.0,0.0,0.0,0.0,0.015618324279785156,0.0,0.0,0.0,0.0,0.0,0.0,0.0,0.0,0.015623092651367188,0.0,0.0,0.0,0.0,0.0,0.0,0.0,0.0,0.0,0.015621185302734375,0.0,0.0,0.0,0.0,0.0,0.0,0.0,0.0,0.0,0.015621423721313477,0.0,0.0,0.21869659423828125,0.0,0.0,0.0,0.0,0.0,0.0,0.0,0.0,0.0,0.0,0.015621423721313477,0.0,0.0,0.0,0.0,0.0,0.0,0.0,0.0,0.0,0.015621662139892578,0.0,0.0,0.0,0.0,0.0,0.0,0.0,0.0,0.0,0.0,0.0,0.0,0.0,0.0,0.0,0.0,0.015619277954101562,0.21869659423828125,0.14063167572021484,0.0780649185180664,0.0,0.0,0.0,0.0,0.0,0.0,0.0,0.0,0.0,0.0,0.0,0.0,0.0,0.0,0.0,0.0,0.0,0.015623092651367188,0.0,0.0,0.0,0.0,0.0,0.0,0.0,0.0,0.0,0.0,0.0,0.0,0.0,0.0,0.0,0.5323824882507324,10.105833530426025,0.15566134452819824,0.2499382495880127,0.0,0.0,0.0
5.707088470458984,0.015622854232788086,0.499880313873291,0.031239986419677734,0.10934686660766602,0.12536120414733887,0.04686331748962402,0.10934901237487793,0.01562190055847168,0.0,0.0,0.0,0.015620231628417969,0.015621185302734375,0.015621423721313477,0.07810831069946289,0.06248331069946289,0.0,0.0,0.0,0.015621662139892578,0.0,0.0,0.0,0.0,0.0,0.0,0.265561580657959,0.0,0.03129100799560547,0.0,0.0,0.0,0.0,0.01557612419128418,0.0,0.0,0.0,0.0,0.0,0.046866655349731445,0.2968013286590576,0.14059853553771973,0.12496542930603027,0.0,0.015620708465576172,0.0,0.0,0.03124213218688965,0.0,0.0,0.0,0.015620946884155273,0.0,0.0,0.0,0.0,0.0,0.0,0.24994206428527832,0.0,0.015623092651367188,0.0,2.6366302967071533,1.168187141418457,1.4684431552886963,0.0,0.0,0.0,0.0,0.0,0.0,0.0,0.0,0.0,0.0,0.0,0.0,0.0,0.015622615814208984,0.0,0.0,0.0,0.0,0.0,0.0,0.0,0.0,0.015619516372680664,0.0,0.0,0.0,0.0,0.0,0.0,0.0,0.015621423721313477,0.015621423721313477,0.0,0.0,0.0,0.0,0.0,0.0,0.015620708465576172,0.0,0.45302510261535645,0.015583992004394531,0.0,0.0,0.0,0.0,0.0,0.0,0.0,0.0,0.015621185302734375,0.0,0.0,0.0,0.0,0.0,0.0,0.0,0.0,0.015622138977050781,0.0,0.0,0.0,0.0,0.0,0.0,0.04686307907104492,0.0,0.0,0.0,0.0,0.0,0.0,0.0,0.0,0.0,0.0,0.015621662139892578,0.015622377395629883,0.45302510261535645,0.2811870574951172,0.17183804512023926,0.0,0.0,0.0,0.0,0.0,0.0,0.0,0.0,0.0,0.0,0.0,0.0,0.0,0.015622377395629883,0.0,0.0,0.0,0.0,0.0,0.0,0.0,0.0,0.0,0.0,0.0,0.0,0.0,0.015619039535522461,0.0,0.0,0.0,0.03124237060546875,0.015622377395629883,0.6248528957366943,0.5311264991760254,0.1405956745147705,0.07810235023498535,0.0,0.0,0.0
5.988708257675171,0.09372639656066895,0.43739891052246094,0.0,0.0,0.015623807907104492,0.0,0.0,0.0,0.015623331069946289,0.0,0.0,0.0,0.0,0.0,0.0,0.0,0.0,0.0,0.0,0.0,0.0,0.0,0.0,0.015618562698364258,0.0,0.0,0.0,0.0,0.0,0.0,0.0,0.0,0.0,0.0,0.0,0.015623092651367188,0.0,0.0,0.0,0.031243085861206055,0.31242918968200684,0.15621018409729004,0.12497091293334961,0.0,0.0,0.0,0.015620231628417969,0.015621185302734375,0.15621304512023926,0.0,0.0,0.0,0.015621662139892578,0.0,0.0,0.0,0.0,0.0,0.265561580657959,0.0,0.03129100799560547,0.0,2.527360200881958,1.0901355743408203,1.4372246265411377,0.0,0.0,0.0,0.01557612419128418,0.0,0.0,0.0,0.0,0.0,0.0,0.0,0.0,0.046866655349731445,0.015618085861206055,0.10935020446777344,0.09372735023498535,0.0624847412109375,0.015620946884155273,0.04686737060546875,0.09373116493225098,0.0,0.1093435287475586,0.01562190055847168,0.0,0.015620708465576172,0.0,0.015622615814208984,0.015619516372680664,0.0,0.0,0.0,0.015620946884155273,0.0,0.0,0.0,0.0,0.0,0.0,0.0,0.24994206428527832,0.2030177116394043,0.0,0.0,0.0,0.0,0.015623092651367188,0.0,0.0,0.0,0.0,0.0,0.0,0.015619754791259766,0.0,0.0,0.0,0.0,0.0,0.0,0.0,0.015622615814208984,0.0,0.0,0.0,0.0,0.0,0.0,0.0,0.0,0.015619516372680664,0.0,0.0,0.0,0.0,0.0,0.0,0.015621423721313477,0.0,0.015621423721313477,0.2030177116394043,0.2030177116394043,0.0,0.0,0.0,0.0,0.0,0.0,0.0,0.015620708465576172,0.0,0.0,0.0,0.0,0.0,0.0,0.0,0.015621185302734375,0.0,0.0,0.0,0.0,0.0,0.0,0.0,0.0,0.015622138977050781,0.0,0.0,0.0,0.0,0.0,0.0,0.0,0.04686307907104492,0.0,0.7185823917388916,0.5467472076416016,0.1405956745147705,0.06248188018798828,0.0,0.0,0.0
1.3055214881896973,0.015663623809814453,0.03126168251037598,0.0,0.0,0.40981149673461914,0.0,0.0,0.0,0.0,0.0,0.0,0.0,0.0,0.0,0.0,0.015618562698364258,0.0,0.0,0.0,0.0,0.0,0.0,0.0,0.0,0.0,0.0,0.0,0.0,0.0,0.015624284744262695,0.0,0.0,0.0,0.0,0.0,0.0,0.0,0.0,0.0,0.015620708465576172,0.06255245208740234,0.04679703712463379,0.0,0.015619277954101562,0.0,0.0,0.0,0.0,0.10941576957702637,0.0,0.0,0.0,0.0,0.0,0.0,0.0,0.015555620193481445,0.0,1.3590583801269531,0.0,0.031243562698364258,0.0,4.501185655593872,0.8904166221618652,3.610769033432007,0.0,0.0,0.0,0.0,0.0,0.0,0.0,0.0,0.015619277954101562,0.0,0.0,0.0,0.0,0.0,0.0,0.0,0.0,0.0,0.0,0.0,0.0,0.0,0.01562047004699707,0.0,0.0,0.0,0.0,0.0,0.0,0.0,0.0,0.0,0.0,0.0,0.0,0.015621185302734375,0.0,0.0,0.0,0.0,0.01517939567565918,0.0,0.0,0.0,0.0,0.0,0.0,0.0,0.0,0.0,0.0,0.0,0.0,0.0,0.015621423721313477,0.0,0.0,0.0,0.0,0.0,0.0,0.0,0.0,0.0,0.0,0.0,0.0,0.0,0.0,0.01562356948852539,0.0,0.0,0.0,0.0,0.015620708465576172,0.0,0.0,0.0,0.0,0.01517939567565918,0.01517939567565918,0.0,0.0,0.0,0.0,0.0,0.0,0.015621423721313477,0.0,0.0,0.0,0.0,0.0,0.0,0.0,0.0,0.0,0.0,0.0,0.0,0.0,0.0,0.015620946884155273,0.0,0.0,0.0,0.0,0.0,0.0,0.0,0.0,0.0,0.0,0.0,0.0,0.9373269081115723,0.39222073554992676,0.15582776069641113,0.06294655799865723,0.015102624893188477,0.0,0.0
0.015074491500854492,0.0,0.0,0.0,0.0,0.5317068099975586,0.0,0.0,0.015587329864501953,0.0,0.0,0.0,0.0,0.0,0.0,0.0,0.0,0.0,0.0,0.0,0.0,0.015619516372680664,0.0,0.0,0.0,0.0,0.0,0.0,0.0,0.0,0.0,0.0,0.0,0.0,0.0,0.0,0.015621662139892578,0.0,0.0,0.0,0.031310081481933594,0.15618276596069336,0.07807087898254395,0.09372973442077637,0.0,0.0,0.0,0.0,0.21869516372680664,0.031244993209838867,0.0,0.015619516372680664,0.01569056510925293,0.015553712844848633,0.0,0.0,0.0,0.0,0.0,0.04690408706665039,0.0,0.0,0.015579700469970703,0.0156557559967041,0.0,0.0156557559967041,0.0,0.0,0.0,0.0,0.0,0.0,0.0,0.0,0.0,0.0,0.0,0.0,0.0,0.015624046325683594,0.0,0.0,0.0,0.0,0.0,0.0,0.0,0.0,0.0,0.015620708465576172,0.0,0.0,0.0,0.0,0.0,0.0,0.0,0.0,0.0,0.0,0.0,0.0,0.0,0.015619039535522461,0.0,0.0,0.0,0.0,0.0,0.0,0.0,0.0,0.0,0.0,0.0,0.0,0.0,0.0,0.0,0.0,0.0,0.01562190055847168,0.0,0.0,0.0,0.0,0.0,0.0,0.0,0.0,0.0,0.0,0.0,0.0,0.0,0.0,0.0,0.01562356948852539,0.0,0.0,0.0,0.0,0.0,0.0,0.0,0.0,0.0,0.0,0.0,0.0,0.0,0.0,0.0,0.0,0.0,0.01562047004699707,0.0,0.0,0.0,0.0,0.0,0.0,0.0,0.0,0.0,0.015619516372680664,0.0,0.015663623809814453,0.0,0.015619754791259766,0.0,0.0,0.0,0.0,0.0,0.0,0.0,0.015583276748657227,0.0,0.0,0.0,0.015619516372680664,0.03124713897705078,0.14063286781311035,0.07806611061096191,0.0,0.0,0.015621423721313477
0.031244993209838867,0.015619516372680664,0.01569056510925293,0.0,0.0,0.40615415573120117,0.0,0.0,0.0,0.0,0.0,0.0,0.0,0.0,0.0,0.01558232307434082,0.0,0.0,0.0,0.0,0.0,0.0,0.0,0.0,0.0,0.0,0.0,0.0,0.0,0.0,0.01562047004699707,0.0,0.0,0.0,0.0,0.0,0.0,0.0,0.0,0.0,0.03124713897705078,0.2343759536743164,0.015562295913696289,0.21876168251037598,0.0,0.0,0.0,0.0,0.015562057495117188,0.0,0.0,0.0,0.0,0.0,0.0,0.0,0.0,0.0,0.0,0.0469202995300293,0.0,0.015559911727905273,0.0,2.907376766204834,0.4222228527069092,2.485153913497925,0.0,0.0,0.0,0.0,0.0,0.0,0.0,0.0,0.0,0.0,0.0,0.0,0.015621185302734375,0.0,0.0,0.0,0.0,0.0,0.0,0.0,0.0,0.0,0.0,0.0,0.0,0.0,0.0,0.015622615814208984,0.0,0.0,0.0,0.0,0.0,0.0,0.0,0.0,0.0,0.0,0.0,0.0,0.0,0.0,0.015195131301879883,0.0,0.0,0.0,0.0,0.015619993209838867,0.0,0.0,0.0,0.0,0.0,0.0,0.0,0.0,0.0,0.0,0.0,0.0,0.0,0.0,0.015623331069946289,0.0,0.0,0.0,0.0,0.0,0.0,0.0,0.0,0.0,0.0,0.0,0.0,0.0,0.0,0.0,0.015622377395629883,0.0,0.0,0.0,0.0,0.0,0.0,0.0,0.0,0.0,0.0,0.0,0.0,0.0,0.0,0.0,0.0,0.0,0.0,0.015618085861206055,0.0,0.0,0.0,0.0,0.0,0.0,0.0,0.0,0.0,0.0,0.0,0.0,0.0,0.0,0.0,0.01562190055847168,0.0,0.3598628044128418,0.2962334156036377,0.14059710502624512,0.06299591064453125,0.0,0.015149116516113281,0.0
2.124501943588257,0.031206607818603516,0.03124237060546875,0.015077829360961914,0.0,0.4373621940612793,0.0,0.0,0.0,0.0,0.0,0.0,0.0,0.0,0.0,0.01562356948852539,0.0,0.0,0.0,0.0,0.0,0.0,0.0,0.0,0.0,0.0,0.0,0.0,0.015661001205444336,0.0,0.0,0.0,0.0,0.0,0.0,0.0,0.0,0.0,0.0,0.0,0.015579462051391602,0.0624845027923584,0.06248831748962402,0.0,0.0,0.0,0.0,0.0,0.0,0.09372591972351074,0.01562047004699707,0.0,0.0,0.0,0.0,0.0,0.0,0.0,0.0,1.4059875011444092,0.0,0.0937044620513916,0.0,5.108722925186157,1.0934929847717285,4.015229940414429,0.0,0.0,0.0,0.0,0.0,0.0,0.0,0.0,0.0,0.0,0.0155792236328125,0.0,0.0,0.0,0.0,0.0,0.0,0.0,0.0,0.0,0.0,0.0,0.0,0.0,0.015621185302734375,0.0,0.0,0.0,0.0,0.0,0.0,0.0,0.0,0.0,0.0,0.0,0.015621185302734375,0.0,0.0,0.0,0.0,0.0,0.0,0.0,0.0,0.0,0.0,0.0,0.0,0.0,0.0,0.0,0.0,0.0,0.0,0.015622138977050781,0.0,0.0,0.0,0.0,0.0,0.0,0.0,0.0,0.0,0.0,0.0,0.0,0.0,0.0,0.015621185302734375,0.0,0.0,0.0,0.03124690055847168,0.0,0.0,0.0,0.0,0.0,0.0,0.0,0.0,0.0,0.0,0.0,0.0,0.0,0.0,0.0,0.015617847442626953,0.0,0.0,0.0,0.0,0.0,0.0,0.0,0.0,0.0,0.0,0.0,0.0,0.0,0.015619993209838867,0.0,0.0,0.0,0.0,0.0,0.0,0.0,0.0,0.0,0.0,0.437396764755249,0.32805418968200684,0.15621685981750488,0.06294727325439453,0.0,0.0,0.0
0.015584230422973633,0.0,0.0,0.0,0.0,1.109112024307251,0.0,0.0,0.015620231628417969,0.0,0.0,0.0,0.0,0.0,0.0,0.0,0.0,0.0,0.0,0.0,0.015620231628417969,0.0,0.0,0.0,0.0,0.0,0.0,0.0,0.0,0.0,0.0,0.0,0.0,0.0,0.0,0.0,0.015621423721313477,0.0,0.0,0.0,0.01566290855407715,0.14061260223388672,0.031243085861206055,0.09366631507873535,0.015656709671020508,0.015584945678710938,0.0,0.0,0.031243085861206055,0.0,0.0,0.015622377395629883,0.0,0.0,0.0,0.0,0.0,0.0,0.0,0.04686379432678223,0.0,0.0,0.0,0.015106201171875,0.0,0.015106201171875,0.0,0.0,0.0,0.0,0.0,0.015619516372680664,0.0,0.0,0.0,0.0,0.0,0.0,0.0,0.0,0.0,0.0,0.0,0.0,0.0,0.0,0.015620946884155273,0.0,0.0,0.0,0.0,0.0,0.0,0.0,0.0,0.0,0.0,0.0,0.0,0.0,0.0,0.015622854232788086,0.0,0.0,0.0,0.0,0.0,0.0,0.0,0.0,0.0,0.0,0.0,0.0,0.0,0.0,0.0,0.0,0.0,0.0,0.0,0.015620231628417969,0.0,0.0,0.0,0.0,0.0,0.0,0.0,0.0,0.0,0.0,0.0,0.0,0.0,0.0,0.0,0.01562356948852539,0.0,0.0,0.0,0.0,0.0,0.0,0.0,0.0,0.0,0.0,0.0,0.0,0.0,0.0,0.0,0.0,0.0,0.0,0.015619277954101562,0.0,0.0,0.0,0.0,0.0,0.0,0.0,0.0,0.0,0.0,0.0,0.0,0.0,0.0,0.015620946884155273,0.0,0.0,0.0,0.0,0.0,0.0,0.0,0.0,0.0,0.031836509704589844,0.031243562698364258,0.264967679977417,0.06309843063354492,0.0,0.0,0.01500844955444336
1.296560525894165,0.015661239624023438,0.18741393089294434,0.0,0.0,0.5623776912689209,0.0,0.0,0.0,0.015622138977050781,0.015620708465576172,0.0,0.0,0.0,0.015621662139892578,0.0,0.0,0.0,0.0,0.0,0.0,0.0,0.0,0.0,0.0,0.0,0.015621185302734375,0.0,0.0,0.0,0.0,0.015621185302734375,0.0,0.0,0.0,0.015621662139892578,0.0,0.015621185302734375,0.015622138977050781,0.0,0.10934877395629883,0.07810711860656738,0.046866416931152344,0.06248331069946289,0.015622138977050781,0.015621423721313477,0.015620231628417969,0.03124237060546875,2.7181546688079834,0.0,0.0,0.015579938888549805,0.0,0.0,0.0,0.0,0.0,0.0,0.0,0.06248736381530762,0.0,0.0,0.0,1.1561589241027832,0.8435111045837402,0.31264781951904297,0.0,0.015621662139892578,0.0,0.0,0.0,0.0,0.0,0.0,0.0,0.0,0.0,0.0,0.0,0.0,0.0,0.015620231628417969,0.0,0.0,0.0,0.0,0.0,0.0,0.0,0.0,0.0,0.0,0.0,0.0,0.0,0.015621185302734375,0.0,0.0,0.0,0.0,0.0,0.0,0.0,0.0,0.0,0.0,0.3434474468231201,0.0,0.0,0.0,0.0,0.0,0.0,0.015621423721313477,0.0,0.0,0.0,0.0,0.0,0.0,0.0,0.0,0.0,0.0,0.0,0.0,0.0,0.0,0.01562047004699707,0.0,0.0,0.0,0.0,0.0,0.0,0.0,0.0,0.0,0.0,0.0,0.0,0.0,0.015620946884155273,0.0,0.0,0.3434474468231201,0.26534104347229004,0.07810640335083008,0.0,0.0,0.0,0.0,0.0,0.0,0.0,0.015622377395629883,0.0,0.0,0.0,0.0,0.0,0.0,0.0,0.0,0.0,0.0,0.0,0.0,0.015621662139892578,0.0,0.0,0.0,0.0,0.0,0.0,0.0,0.0,0.0,0.0,0.01562047004699707,0.0,2.2969372272491455,0.42162370681762695,0.15576815605163574,0.07857084274291992,0.0,0.0,0.0
0.0,0.0,0.015623331069946289,0.0,0.0,0.9059896469116211,0.0,0.0,0.0,0.0,0.0,0.0,0.0,0.0,0.01562047004699707,0.0,0.0,0.015657663345336914,0.015584230422973633,0.015622138977050781,0.0,0.04686403274536133,0.031241655349731445,0.031242847442626953,0.0,0.031242847442626953,0.0781099796295166,0.015619039535522461,0.015620708465576172,0.031241655349731445,0.01562190055847168,0.031242847442626953,0.06248641014099121,0.03124380111694336,0.0,0.0,0.015619516372680664,0.0,0.0,0.0,0.015620946884155273,0.07814884185791016,0.015578985214233398,0.07813072204589844,0.0,0.0,0.01559901237487793,0.0,0.0,0.031280517578125,0.0,0.0,0.0,0.015582561492919922,0.0,0.015620946884155273,0.015622615814208984,0.015619993209838867,0.0,0.046898603439331055,0.0,0.0,0.0,0.0624849796295166,0.046862125396728516,0.015622854232788086,0.0,0.015586614608764648,0.0,0.0,0.0,0.0,0.015621185302734375,0.0,0.0,0.0,0.0,0.0,0.0,0.015661239624023438,0.0,0.0,0.0,0.0,0.0,0.0,0.0,0.0,0.0,0.0,0.0,0.015582561492919922,0.0,0.0,0.0,0.0,0.0,0.0,0.0,0.0,0.0,0.0,0.0,0.0,0.01562190055847168,0.0,0.0,0.0,0.015620946884155273,0.0,0.0,0.0,0.0,0.0,0.0,0.0,0.0,0.0,0.015619754791259766,0.0,0.0,0.0,0.0,0.0,0.0,0.0,0.0,0.015621185302734375,0.0,0.0,0.0,0.0,0.0,0.0,0.0,0.0,0.0,0.0,0.0,0.0,0.0,0.0,0.0,0.0,0.01562190055847168,0.0,0.0,0.0,0.0,0.0,0.0,0.0,0.0,0.0,0.0,0.0,0.0,0.0,0.0,0.0,0.0,0.0,0.0,0.0,0.01562190055847168,0.0,0.0,0.0,0.0,0.0,0.0,0.0,0.0,0.0,0.0,0.0,0.015620708465576172,0.0,0.0,0.0,0.0,0.29680776596069336,0.21869611740112305,0.2343294620513916,0.17182564735412598,0.0625300407409668,0.09372377395629883,0.03120279312133789
0.03127598762512207,0.0,0.0,0.015621185302734375,0.0,11.11667275428772,0.0,0.0,0.0,0.0,0.0,0.015618085861206055,0.0,0.0,0.0,0.0,0.0,0.0,0.0,0.0,0.0,0.015621423721313477,0.0,0.0,0.0,0.0,0.0,0.0,0.0,0.0,0.015621185302734375,0.0,0.0,0.0,0.0,0.0,0.0,0.015621423721313477,0.0,0.0,0.0,0.06252503395080566,0.12493777275085449,0.06248164176940918,0.0,0.0,0.0,0.0,0.015648365020751953,0.21867060661315918,0.0,0.0,0.0,0.015620231628417969,0.0,0.0,0.0,0.0,0.04692554473876953,0.06242561340332031,0.0,0.0,0.0,0.015022993087768555,0.015022993087768555,0.0,0.0,0.0,0.015619039535522461,0.0,0.0,0.0,0.0,0.0,0.0,0.0,0.0,0.015621662139892578,0.0,0.0,0.0,0.0,0.0,0.0,0.0,0.0,0.015621423721313477,0.0,0.0,0.0,0.0,0.0,0.0,0.0,0.0,0.015621185302734375,0.0,0.0,0.0,0.0,0.0,0.0,0.0,0.0,0.015621185302734375,0.0,0.0,0.0,0.0,0.0,0.0,0.0,0.0,0.0,0.0,0.0,0.01562190055847168,0.0,0.0,0.0,0.0,0.0,0.0,0.0,0.0,0.015622377395629883,0.0,0.0,0.0,0.0,0.0,0.0,0.0,0.0,0.0,0.015619993209838867,0.0,0.0,0.0,0.0,0.0,0.0,0.0,0.0,0.0,0.0,0.0,0.0,0.0,0.015621423721313477,0.0,0.0,0.0,0.0,0.0,0.0,0.0,0.0,0.0,0.015623092651367188,0.0,0.0,0.0,0.0,0.0,0.0,0.015619516372680664,0.0,0.0,0.0,0.0,0.0,0.0,0.0,0.015620946884155273,0.0,0.0,0.0,0.0,0.0,0.0,1.0153892040252686,14.111727952957153,0.15616059303283691,0.06264066696166992,0.0,0.0,0.0
0.015623331069946289,0.0,0.0,0.0,0.0,0.14059138298034668,0.0,0.0,0.0,0.0,0.0,0.015618085861206055,0.0,0.0,0.0,0.0,0.0,0.0,0.0,0.015621423721313477,0.0,0.0,0.0,0.0,0.0,0.0,0.0,0.0,0.015621185302734375,0.0,0.0,0.0,0.0,0.0,0.0,0.0,0.015621423721313477,0.0,0.0,0.06252503395080566,0.03126931190490723,0.09366846084594727,0.06248164176940918,0.0,0.0,0.0,0.0,0.015648365020751953,0.015592098236083984,0.2030785083770752,0.0,0.0,0.0,0.0,0.015620231628417969,0.0,0.0,0.0,0.0,0.04692554473876953,0.06242561340332031,0.0,0.0,0.0,0.0,0.0,0.0,0.0,0.0,0.0,0.015619039535522461,0.0,0.0,0.0,0.0,0.0,0.0,0.0,0.015621662139892578,0.0,0.0,0.0,0.0,0.0,0.0,0.0,0.0,0.015621423721313477,0.0,0.0,0.0,0.0,0.0,0.0,0.0,0.0,0.015621185302734375,0.0,0.0,0.0,0.0,0.0,0.0,0.0,0.0,0.015621185302734375,0.015621185302734375,0.0,0.0,0.0,0.0,0.0,0.0,0.0,0.0,0.0,0.0,0.01562190055847168,0.0,0.0,0.0,0.0,0.0,0.0,0.0,0.0,0.0,0.015622377395629883,0.0,0.0,0.0,0.0,0.0,0.0,0.0,0.0,0.0,0.015619993209838867,0.0,0.0,0.0,0.0,0.0,0.0,0.0,0.015621185302734375,0.0,0.015621185302734375,0.0,0.0,0.0,0.015621423721313477,0.0,0.0,0.0,0.0,0.0,0.0,0.0,0.015623092651367188,0.0,0.0,0.0,0.0,0.0,0.0,0.015619516372680664,0.0,0.0,0.0,0.0,0.0,0.0,0.0,0.015620946884155273,0.0,0.0,0.0,0.0,0.0,0.0,1.0153892040252686,14.111727952957153,0.3904757499694824,0.06297683715820312,0.0,0.0,0.015132904052734375
0.015622615814208984,0.0,0.0,0.015619516372680664,0.0,0.3592529296875,0.0,0.0,0.0,0.0,0.0,0.0,0.0,0.0,0.0,0.01562356948852539,0.0,0.0,0.0,0.0,0.0,0.0,0.0,0.0,0.0,0.0,0.0,0.0,0.0,0.0,0.01561880111694336,0.0,0.0,0.0,0.0,0.0,0.0,0.0,0.0,0.0,0.031244516372680664,0.1249699592590332,0.0469059944152832,0.09368610382080078,0.0,0.0,0.0,0.0,0.015619993209838867,0.0,0.0,0.0,0.0,0.0,0.0,0.0,0.0,0.0,0.015620946884155273,0.031242847442626953,0.0,0.015623331069946289,0.0,0.015156269073486328,0.015156269073486328,0.0,0.0,0.0,0.0,0.0,0.0,0.0,0.0,0.0,0.0,0.0,0.0,0.0,0.015620708465576172,0.0,0.0,0.0,0.0,0.0,0.0,0.0,0.0,0.0,0.0,0.0,0.0,0.0,0.0,0.0,0.01562190055847168,0.0,0.0,0.0,0.0,0.0,0.0,0.0,0.0,0.0,0.0,0.0,0.0,0.0,0.0,0.0,0.0,0.0,0.0,0.0,0.015621185302734375,0.0,0.0,0.0,0.0,0.0,0.0,0.0,0.0,0.0,0.0,0.0,0.0,0.0,0.0,0.0,0.015620231628417969,0.0,0.0,0.0,0.0,0.0,0.0,0.0,0.0,0.0,0.0,0.0,0.0,0.0,0.0,0.0,0.0,0.0,0.0,0.015623807907104492,0.0,0.0,0.0,0.0,0.0,0.0,0.0,0.0,0.0,0.0,0.0,0.0,0.0,0.0,0.0,0.015619039535522461,0.0,0.0,0.0,0.0,0.0,0.0,0.0,0.0,0.0,0.0,0.0,0.0,0.0,0.0,0.015622138977050781,0.07862496376037598,0.031196117401123047,0.15575671195983887,0.06301474571228027,0.015076160430908203,0.0,0.0
0.0,0.0,0.0,0.0,0.0,0.4374532699584961,0.015135765075683594,0.0,0.0,0.0,0.0,0.0,0.0,0.0,0.0,0.0,0.0,0.0,0.0,0.0,0.0,0.015621423721313477,0.0,0.0,0.0,0.0,0.0,0.0,0.0,0.0,0.0,0.0,0.0,0.0,0.0,0.0,0.015621662139892578,0.0,0.0,0.0,0.07811522483825684,0.046858787536621094,0.062482595443725586,0.0,0.0,0.0,0.0,0.0,2.140164375305176,0.10930705070495605,0.0,0.0,0.0,0.0,0.0,0.0,0.0,0.0,0.015622138977050781,5.9541175365448,0.0,0.015587568283081055,0.0,0.7692008018493652,0.0,0.7692008018493652,0.0,0.0,0.0,0.0,0.0,0.015596389770507812,0.0,0.0,0.0,0.0,0.0,0.0,0.0,0.0,0.0,0.0,0.0,0.0,0.0,0.0,0.0,0.015620946884155273,0.0,0.0,0.0,0.0,0.0,0.0,0.0,0.0,0.015622377395629883,0.0,0.0,0.0,0.0,0.0,0.0,0.0,0.0,0.0,0.0,0.0,0.0,0.0,0.0,0.0,0.0,0.0,0.0,0.0,0.015621662139892578,0.0,0.0,0.0,0.0,0.0,0.0,0.0,0.0,0.0,0.0,0.0,0.0,0.0,0.0,0.0,0.0,0.0,0.015619039535522461,0.0,0.0,0.0,0.0,0.0,0.0,0.0,0.0,0.0,0.0,0.0,0.0,0.0,0.0,0.0,0.0,0.0,0.0,0.0,0.0,0.0,0.015623807907104492,0.0,0.0,0.0,0.0,0.0,0.0,0.0,0.0,0.0,0.0,0.0,0.0,0.0,0.0,0.0,0.0,0.015620231628417969,0.0,0.0,0.0,0.0,0.0,0.0,0.0,10.341603517532349,10.006357669830322,0.15706205368041992,0.07814812660217285,0.0,0.0,0.0
0.0,0.0,0.0,0.0,0.0,0.8434903621673584,0.0,0.0,0.0,0.0,0.0,0.0,0.0,0.0,0.0,0.0,0.0,0.015593290328979492,0.0,0.0,0.0,0.0,0.0,0.0,0.0,0.0,0.0,0.0,0.0,0.0,0.0,0.0,0.015622854232788086,0.0,0.0,0.0,0.0,0.0,0.0,0.0,0.07810711860656738,0.06254053115844727,0.04680800437927246,0.01562190055847168,0.0,0.0,0.0,0.0,2.186988353729248,0.10938382148742676,0.0,0.0,0.0,0.0,0.0,0.015586137771606445,0.0,0.0,0.0,5.4698805809021,0.0,0.0,0.015561580657958984,0.7185804843902588,0.0,0.7185804843902588,0.0,0.0,0.0,0.0,0.0,0.0,0.0,0.0,0.0,0.015624046325683594,0.0,0.0,0.07810497283935547,0.0625450611114502,0.015604972839355469,0.031199932098388672,0.01562047004699707,0.0,0.0,0.0,0.0,0.03128385543823242,0.09368562698364258,0.09377169609069824,0.09374642372131348,0.0468449592590332,0.07810783386230469,0.09372806549072266,0.09368443489074707,0.031245708465576172,0.10938882827758789,0.07806396484375,0.06253719329833984,0.15616345405578613,0.14059209823608398,0.07814669609069824,0.12497615814208984,0.06243777275085449,0.03124380111694336,0.062487125396728516,0.015649080276489258,0.0,0.0,0.0,0.09372591972351074,0.031242847442626953,0.03128623962402344,0.1874537467956543,0.046863555908203125,0.06244540214538574,0.09376883506774902,0.0781095027923584,0.0,0.07809972763061523,0.031206130981445312,0.0,0.0,0.015620708465576172,0.0,0.0,0.0,0.0,0.0,0.0,0.01565408706665039,5.4532270431518555,0.015560626983642578,0.0,0.0,0.0,0.0,0.015621662139892578,0.0,0.0,0.0,0.0,0.0,0.0,0.0,0.015649080276489258,0.0,0.015649080276489258,0.0,0.015619754791259766,0.0,0.0,0.0,0.0,0.0,0.0,0.0,0.0,0.0,0.015620708465576172,0.0,0.0,0.0,0.0,0.0,0.0,0.0,0.0,0.015621423721313477,0.0,0.0,0.0,0.0,0.0,0.0,0.0,0.01562356948852539,0.0,0.0,0.0,0.0,0.20452523231506348,0.15621352195739746,0.18700957298278809,0.08296513557434082,0.0,0.0,0.0
0.015331506729125977,0.0,0.0,0.09366679191589355,0.07810688018798828,0.4533088207244873,0.07810783386230469,0.06248354911804199,0.0624849796295166,0.09373307228088379,0.14058947563171387,0.07810664176940918,0.09372568130493164,0.06252932548522949,0.015580892562866211,0.07810735702514648,0.03127646446228027,0.0,0.0,0.0,0.0,0.0,0.0,0.015586137771606445,0.0,0.0,5.454200506210327,0.01568007469177246,0.0,0.0,0.0,0.015561580657958984,0.0,0.0,0.0,0.0,0.0,0.015624046325683594,0.0,0.0,0.07810497283935547,0.0625450611114502,0.04680490493774414,0.01562047004699707,0.0,0.0,0.0,0.0,2.1870317459106445,0.10930585861206055,0.0,0.0,0.015620708465576172,0.0,0.0,0.0,0.0,0.0,0.0,5.468881130218506,0.015560626983642578,0.0,0.0,1.2340800762176514,0.0,1.2340800762176514,0.0,0.0,0.0,0.015621662139892578,0.0,0.0,0.0,0.0,0.0,0.0,0.0,0.015619754791259766,0.0,0.0,0.0,0.0,0.0,0.0,0.0,0.015620708465576172,0.0,0.0,0.0,0.0,0.0,0.0,0.0,0.015621423721313477,0.0,0.0,0.0,0.0,0.0,0.0,0.0,0.0,0.0,0.0,0.01562356948852539,0.0,0.156233549118042,0.09368133544921875,0.12501072883605957,0.0,0.0,0.0,0.0,0.0,0.0,0.0,0.0,0.0,0.01561880111694336,0.0,0.0,0.0,0.0,0.0,0.0,0.0,0.0,0.0,0.0,0.0,0.0,0.0,0.0,0.01562190055847168,0.0,0.0,0.0,0.0,0.0,0.0,0.0,0.0,0.0,0.0,0.0,0.156233549118042,0.062447547912597656,0.09378600120544434,0.0,0.0,0.0,0.015621185302734375,0.0,0.0,0.0,0.0,0.0,0.0,0.0,0.0,0.0,0.0,0.0,0.0,0.0,0.0,0.0,0.0,0.0,0.0,0.0,0.0,0.0,0.0,0.0,0.0,0.0,0.0,0.0,0.0,0.015623807907104492,10.297710657119751,10.014757871627808,0.1558055877685547,0.06298327445983887,0.0,0.0,0.0
8.500400304794312,0.0,0.015581846237182617,0.0,0.0,6.672623634338379,0.015624761581420898,0.0,0.0,0.0,0.0,0.0,0.0,0.0,0.0,0.0,0.015615701675415039,0.0,0.0,0.0,0.0,0.0,0.0,0.0,0.0,0.0,0.0,0.0,0.0,0.0,0.015619277954101562,0.0,0.0,0.0,0.0,0.0,0.0,0.0,0.0,0.0,0.031308889389038086,0.031239032745361328,0.04687142372131348,0.0,0.0,0.0,0.0,0.0,0.0312347412109375,0.12490987777709961,0.0,0.0,0.0,0.0,0.0,0.0,0.0,0.0,0.0,1.4059205055236816,0.0,0.015659809112548828,0.0,4.306267023086548,4.306267023086548,0.0,0.0,0.0,0.0,0.0,0.0,0.0,0.0,0.0,0.015581607818603516,0.0,0.0,0.0,0.0,0.0,0.0,0.0,0.0,0.0,0.0,0.0,0.0,0.0,0.0,0.015623807907104492,0.0,0.0,0.0,0.0,0.0,0.0,0.0,0.0,0.0,0.0,0.0,0.0,0.0,0.0,0.01563262939453125,0.0,0.0,0.0,0.015171527862548828,0.0,0.0,0.0,0.0,0.0,0.0,0.0,0.0,0.0,0.0,0.0,0.0,0.0,0.0,0.0,0.015610694885253906,0.0,0.0,0.0,0.0,0.0,0.0,0.0,0.0,0.0,0.0,0.0,0.0,0.0,0.0,0.015620946884155273,0.015621423721313477,0.0,0.0,0.0,0.0,0.0,0.0,0.0,0.0,0.0,0.0,0.0,0.0,0.0,0.0,0.0,0.0,0.01562047004699707,0.0,0.0,0.0,0.0,0.0,0.0,0.0,0.0,0.0,0.0,0.0,0.0,0.0,0.0,0.015620231628417969,0.0,0.0,0.0,0.0,0.0,0.0,0.0,0.0,1.6008152961730957,10.124576807022095,0.15574264526367188,0.06296634674072266,0.0,0.015128135681152344,0.0
0.04682135581970215,0.0,0.015659809112548828,0.0,0.0,11.217958688735962,0.015606403350830078,0.0,0.0,0.0,0.0,0.0,0.0,0.0,0.0,0.0,0.0,0.0,0.015622615814208984,0.0,0.0,0.0,0.0,0.0,0.0,0.0,0.0,0.0,0.0,0.0,0.0,0.0,0.0,0.0,0.015621185302734375,0.0,0.0,0.0,0.0,0.0,0.03128218650817871,0.15623903274536133,0.07808351516723633,0.20307087898254395,0.0,0.0,0.0,0.015584707260131836,0.0,0.0,0.0,0.0,0.0,0.015621423721313477,0.0,0.0,0.0,0.0,0.0,0.03128504753112793,0.0,0.015580892562866211,0.0,0.7185535430908203,0.32801365852355957,0.39053988456726074,0.0,0.0,0.0,0.0,0.015619993209838867,0.0,0.0,0.0,0.0,0.0,0.0,0.0,0.0,0.0,0.0,0.0,0.0,0.0,0.015621662139892578,0.0,0.0,0.0,0.0,0.0,0.0,0.0,0.0,0.0,0.0,0.0,0.0,0.0,0.0,0.015620946884155273,0.0,0.0,0.0,0.0,0.0,0.0,0.0,0.015628814697265625,0.0,0.0,0.0,0.0,0.0,0.0,0.0,0.0,0.0,0.0,0.0,0.01562190055847168,0.0,0.0,0.0,0.0,0.0,0.0,0.0,0.0,0.0,0.0,0.0,0.0,0.0,0.015620231628417969,0.0,0.0,0.0,0.0,0.0,0.0,0.0,0.0,0.0,0.0,0.0,0.0,0.0,0.0,0.0,0.0,0.0,0.0,0.015620708465576172,0.0,0.0,0.0,0.0,0.0,0.0,0.0,0.0,0.0,0.0,0.0,0.0,0.0,0.0,0.015625,0.0,0.0,0.0,0.0,0.0,0.0,0.0,0.0,0.0,0.0,0.0,0.0,0.0,0.2187342643737793,0.42177486419677734,0.21866321563720703,0.1406261920928955,0.0,0.0,0.0
1.1091139316558838,0.015662193298339844,0.17185592651367188,0.0,0.0,0.6404340267181396,0.0,0.015616893768310547,0.0,0.0,0.0,0.0,0.0,0.0,0.0,0.0,0.0,0.0,0.0,0.0,0.0,0.015620708465576172,0.0,0.0,0.0,0.0,0.0,0.0,0.0,0.0,0.0,0.0,0.0,0.0,0.0,0.0,0.015621423721313477,0.0,0.0,0.0,0.03128647804260254,0.4842190742492676,0.10934972763061523,0.4530165195465088,0.09372806549072266,0.09372758865356445,0.07810735702514648,0.03133749961853027,0.10926008224487305,0.015655040740966797,0.046825408935546875,0.0,0.015621423721313477,0.04686594009399414,0.03124237060546875,0.0625457763671875,0.046804189682006836,0.0624852180480957,0.03130483627319336,0.17177104949951172,0.04686689376831055,0.1250288486480713,0.015561342239379883,1.7183537483215332,1.7183537483215332,0.0,0.0,0.06254410743713379,0.015561103820800781,0.046903133392333984,0.04688763618469238,0.04680132865905762,0.015622854232788086,0.015619993209838867,0.03124547004699707,0.04686141014099121,0.0,0.015620946884155273,0.0,0.0,0.0,0.0,0.0,0.0,0.0,0.0,0.015621423721313477,0.0,0.0,0.0,0.0,0.0,0.0,0.0,0.0,0.0,0.0,0.0,0.0,0.015621662139892578,0.0,0.0,0.0,0.0,0.0,0.015621185302734375,0.0,0.23443937301635742,0.01550149917602539,0.0,0.03124213218688965,0.015621423721313477,0.015622615814208984,0.015620708465576172,0.015620708465576172,0.015622854232788086,0.015619993209838867,0.03124260902404785,0.06252694129943848,0.10930824279785156,0.0624852180480957,0.062485456466674805,0.10938763618469238,0.062447547912597656,0.015620708465576172,0.0,0.0,0.0,0.0,0.015621662139892578,0.0,0.0,0.0,0.0,0.0,0.0,0.0,0.0,0.0,0.0,0.015623331069946289,0.0,0.0,0.0,0.0,0.0,0.0,0.0,0.0,0.0,0.015619039535522461,0.0,0.0,0.015658855438232422,0.0,0.0,0.0,0.0,0.0,0.0,0.015583515167236328,0.0,0.0,0.0,0.0,0.0,0.0,0.015621423721313477,0.0,0.0,0.0,0.0,0.0,0.0,0.0,0.0,0.0,0.015621185302734375,0.0,0.0,0.0,10.00245213508606,10.000952005386353,0.15576863288879395,0.07852983474731445,0.0,0.0,0.0
0.015461921691894531,0.0,0.0,0.0,0.0,0.31252574920654297,0.0,0.0,0.0,0.0,0.0,0.0,0.0,0.0,0.0,0.0,0.015620946884155273,0.0,0.0,0.0,0.0,0.0,0.0,0.0,0.0,0.0,0.0,0.0,0.0,0.0,0.0,0.015625476837158203,0.0,0.0,0.0,0.0,0.0,0.0,0.0,0.0,0.03124260902404785,0.14058971405029297,0.04687094688415527,0.09375524520874023,0.0,0.0,0.015585899353027344,0.0,0.21876025199890137,0.0,0.0,0.0,0.0,0.0,0.015561342239379883,0.0,0.0,0.046861886978149414,0.0,0.06248641014099121,0.0,0.0,0.0,0.1875009536743164,0.06248807907104492,0.12501287460327148,0.0,0.0,0.0,0.0,0.0,0.0,0.015622138977050781,0.0,0.0,0.0,0.0,0.0,0.0,0.0,0.0,0.0,0.0,0.0,0.0,0.0,0.0,0.015620231628417969,0.0,0.0,0.0,0.0,0.0,0.0,0.0,0.0,0.0,0.0,0.0,0.0,0.0,0.0,0.015621185302734375,0.0,0.0,0.0,0.031205415725708008,0.04686141014099121,0.015616178512573242,0.0,0.0,0.0,0.0,0.0,0.0,0.0,0.0,0.0,0.0,0.0,0.0,0.015621185302734375,0.0,0.0,0.0,0.0,0.0,0.0,0.0,0.0,0.0,0.0,0.0,0.0,0.0,0.0,0.01562356948852539,0.0,0.0,0.0,0.0,0.0,0.0,0.0,0.0,0.031205415725708008,0.015620946884155273,0.015584468841552734,0.0,0.0,0.0,0.0,0.0,0.0,0.0,0.015619993209838867,0.0,0.0,0.0,0.0,0.0,0.0,0.0,0.0,0.0,0.0,0.0,0.0,0.0,0.0,0.0,0.015620231628417969,0.0,0.0,0.0,0.0,0.0,0.015622854232788086,0.0,0.0,0.0,0.015619754791259766,0.046865224838256836,0.1411292552947998,0.12447762489318848,0.0,0.0,0.0
3.2961266040802,0.07816457748413086,0.9840846061706543,0.0,0.0,0.18745732307434082,0.0,0.0,0.0,0.0,0.0,0.0,0.015613555908203125,0.0,0.0,0.0,0.0,0.0,0.0,0.0,0.0,0.0,0.0,0.0,0.0,0.0,0.0,0.015621423721313477,0.0,0.0,0.0,0.0,0.0,0.0,0.0,0.0,0.0,0.0,0.0,0.0,0.015655517578125,0.031216144561767578,0.015649795532226562,0.015622138977050781,0.0,0.0,0.0,0.0,0.015583276748657227,0.06254696846008301,0.0,0.0,0.01556253433227539,0.0,0.0,0.0,0.0,0.0,0.015619277954101562,1.3435006141662598,0.0,0.031223297119140625,0.0,2.613574743270874,1.687103033065796,0.9264717102050781,0.0,0.0,0.0,0.0,0.0,0.0,0.015574932098388672,0.0,0.0,0.0,0.0,0.0,0.0,0.0,0.0,0.015623807907104492,0.0,0.0,0.0,0.0,0.0,0.0,0.0,0.01561880111694336,0.0,0.0,0.0,0.0,0.0,0.0,0.0,0.0,0.0,0.015621423721313477,0.0,0.0,0.0,0.0,0.0,0.03124523162841797,0.0,0.34320616722106934,0.0,0.0,0.0,0.0,0.03130292892456055,0.015560626983642578,0.01562976837158203,0.0,0.015611648559570312,0.0,0.0,0.0,0.0,0.0,0.04692482948303223,0.015560388565063477,0.0,0.0,0.0,0.0,0.0,0.0,0.0,0.015621423721313477,0.0,1.3278138637542725,0.031244516372680664,0.0,0.031243324279785156,0.0,0.0,0.0,0.03128194808959961,0.0,0.0,0.0,0.0,0.0,0.0,0.0,0.0,0.0,0.0,0.015580415725708008,0.0,0.0,0.0,0.0,0.0,0.0,0.0,0.01562047004699707,0.0,0.0,0.0,0.0,0.0,0.0,0.0,0.0,0.0,0.01562190055847168,0.0,0.0,0.0,0.0,0.0,0.0,0.0,0.015621185302734375,0.0,0.0,0.015661239624023438,0.7185430526733398,0.42183637619018555,0.2811741828918457,0.07852506637573242,0.0,0.0,0.0
3.717879295349121,0.015621423721313477,0.8591737747192383,0.0,0.0,0.3748664855957031,0.0,0.0,0.015574932098388672,0.0,0.0,0.0,0.0,0.0,0.0,0.0,0.015623807907104492,0.0,0.0,0.0,0.0,0.0,0.0,0.0,0.0,0.01561880111694336,0.0,0.0,0.0,0.0,0.0,0.0,0.0,0.0,0.015621423721313477,0.0,0.0,0.0,0.015658855438232422,0.015586376190185547,0.0,0.03130292892456055,0.03119039535522461,0.0,0.015611648559570312,0.0,0.0,0.0,0.0,0.0624852180480957,0.0,0.0,0.0,0.0,0.0,0.0,0.0,0.015621423721313477,0.0,1.3590583801269531,0.0,0.031243324279785156,0.0,2.3476030826568604,0.8279340267181396,1.5196690559387207,0.0,0.0,0.0,0.01561880111694336,0.01566314697265625,0.0,0.0,0.0,0.0,0.0,0.0,0.015580415725708008,0.0,0.0,0.0,0.0,0.0,0.0,0.0,0.01562047004699707,0.0,0.0,0.0,0.0,0.0,0.0,0.0,0.01562190055847168,0.0,0.0,0.0,0.0,0.0,0.0,0.0,0.0,0.015621185302734375,0.0,0.0,0.015661239624023438,0.0,1.4059057235717773,0.0,0.0,0.0,0.0,0.0,0.015582561492919922,0.0,0.0,0.0,0.0,0.0,0.0,0.0,0.0,0.0,0.0,0.0,0.0,0.0,0.0,0.015619516372680664,0.0,0.0,0.0,0.0,0.0,0.0,0.0,0.0,0.0,0.0,0.0,0.03128480911254883,0.0,0.0,0.0,0.0,0.0,0.0,0.0,0.0,0.0,0.0,0.015579462051391602,0.0,0.0,0.0,0.0,0.0,0.0,0.0,0.0,0.0,0.0,0.0,0.0,0.0,0.0,0.015623331069946289,0.0,0.0,0.0,0.0,0.0,0.0,0.0,0.0,0.0,0.0,0.0,0.0,0.0,0.0,0.6248533725738525,0.42183637619018555,0.1561586856842041,0.06299638748168945,0.0,0.0,0.0
0.030770540237426758,0.0,0.0,0.0,0.0,21.26957058906555,0.0,0.0,0.0,0.0,0.0,0.0,0.0,0.0,0.0,0.0,0.0,0.015618324279785156,0.0,0.0,0.0,0.0,0.0,0.0,0.0,0.0,0.0,0.0,0.0,0.0,0.0,0.0,0.0,0.015623092651367188,0.0,0.0,0.0,0.0,0.0,0.0,0.015626907348632812,0.0625448226928711,0.04686474800109863,0.03117823600769043,0.0,0.0,0.0,0.0,0.04690814018249512,0.14054560661315918,0.0,0.0,0.0,0.015620708465576172,0.0,0.0,0.0,0.0,0.0,1.4684460163116455,0.0,0.015619039535522461,0.0,1.312406063079834,1.2185125350952148,0.09389352798461914,0.0,0.0,0.0,0.0,0.0,0.0,0.0,0.0,0.015585660934448242,0.0,0.0,0.0,0.0,0.0,0.0,0.0,0.0,0.0,0.0,0.0,0.0,0.0,0.0,0.0,0.015620231628417969,0.0,0.0,0.0,0.0,0.0,0.0,0.0,0.0,0.0,0.0,0.0,0.0,0.0,0.0,0.015621185302734375,0.015404701232910156,0.0,0.0,0.0,0.0,0.0,0.0,0.0,0.0,0.0,0.0,0.0,0.0,0.0,0.0,0.0,0.0,0.0,0.0,0.015623807907104492,0.0,0.0,0.0,0.0,0.0,0.0,0.0,0.0,0.0,0.0,0.0,0.0,0.0,0.0,0.015620231628417969,0.0,0.0,0.0,0.0,0.015404701232910156,0.015404701232910156,0.0,0.0,0.0,0.0,0.0,0.0,0.0,0.0,0.0,0.0,0.0,0.0,0.0,0.015620231628417969,0.0,0.0,0.0,0.0,0.0,0.0,0.0,0.0,0.0,0.0,0.0,0.0,0.0,0.0,0.0,0.015620708465576172,0.0,0.0,0.0,0.0,0.7811176776885986,0.6096572875976562,0.15674853324890137,0.06297659873962402,0.0,0.0,0.01512908935546875
0.5150604248046875,0.015621423721313477,0.04686474800109863,0.0,0.0,2.984158992767334,0.0,0.0,0.0,0.0,0.0,0.0,0.0,0.0,0.0,0.0,0.015619039535522461,0.0,0.0,0.0,0.0,0.0,0.0,0.0,0.0,0.0,0.0,0.0,0.0,0.01564931869506836,0.0,0.0,0.0,0.0,0.0,0.0,0.0,0.0,0.0,0.0,0.015626907348632812,0.09369874000549316,0.07810473442077637,0.0,0.015619993209838867,0.0,0.0,0.0,0.0,0.10935091972351074,0.0,0.0,0.0,0.0,0.0,0.0,0.0,0.0,0.0,0.24997615814208984,0.015585660934448242,0.031282663345336914,0.0,2.4379212856292725,0.7654538154602051,1.6724674701690674,0.0,0.0,0.0,0.0,0.0,0.0,0.0,0.0,0.0,0.0,0.0,0.0155792236328125,0.0,0.0,0.0,0.0,0.0,0.0,0.0,0.0,0.0,0.0,0.0,0.0,0.0,0.015624284744262695,0.0,0.0,0.0,0.0,0.0,0.0,0.0,0.0,0.0,0.0,0.0,0.0,0.0,0.0,0.01558232307434082,0.0,0.0,0.0,0.015620708465576172,0.0,0.0,0.0,0.0,0.0,0.0,0.0,0.0,0.0,0.0,0.0,0.0,0.0,0.0,0.015621662139892578,0.0,0.0,0.0,0.0,0.0,0.0,0.0,0.0,0.0,0.0,0.0,0.0,0.0,0.0,0.01561880111694336,0.0,0.0,0.0,0.0,0.01558232307434082,0.0,0.01558232307434082,0.0,0.0,0.0,0.0,0.0,0.0,0.0,0.0,0.0,0.015623092651367188,0.0,0.0,0.0,0.0,0.0,0.0,0.0,0.0,0.0,0.0,0.0,0.0,0.0,0.0,0.0,0.015619516372680664,0.0,0.0,0.0,0.0,0.0,0.015622854232788086,0.0,0.9060821533203125,0.6092240810394287,0.17185497283935547,0.07810091972351074,0.0,0.0,0.0
1.717879295349121,0.03128671646118164,0.15623021125793457,0.0,0.0,4.781551122665405,0.0,0.0,0.0,0.0,0.0,0.0,0.0,0.0,0.015621662139892578,0.0,0.0,0.0,0.0,0.0,0.0,0.0,0.0,0.0,0.0,0.0,0.0,0.0,0.0,0.015622854232788086,0.0,0.0,0.0,0.0,0.0,0.0,0.0,0.0,0.0,0.0,0.015619754791259766,0.06252431869506836,0.062448740005493164,0.0,0.0,0.0,0.0,0.0,0.01561880111694336,0.10934877395629883,0.0,0.0,0.0,0.0,0.0,0.0,0.0,0.01562190055847168,0.0,0.28118443489074707,0.0,0.01562190055847168,0.0,2.2537729740142822,0.01557612419128418,2.238196849822998,0.0,0.0,0.0,0.0,0.015619993209838867,0.0,0.0,0.0,0.0,0.0,0.0,0.0,0.0,0.0,0.0,0.0,0.0,0.0,0.0,0.01562190055847168,0.0,0.0,0.0,0.0,0.0,0.0,0.0,0.0,0.0,0.0,0.0,0.0,0.0,0.015621185302734375,0.0,0.0,0.0,0.0,0.0,0.0,0.3592839241027832,0.0,0.0,0.0,0.0,0.0,0.0,0.0,0.0,0.0,0.0,0.0,0.015622377395629883,0.0,0.0,0.0,0.0,0.0,0.0,0.0,0.0,0.0,0.0,0.0,0.0,0.0,0.0,0.01562047004699707,0.0,0.0,0.0,0.0,0.0,0.0,0.0,0.0,0.0,0.0,0.015660524368286133,0.3592839241027832,0.3592839241027832,0.0,0.0,0.0,0.0,0.0,0.0,0.0,0.0,0.0,0.0,0.0,0.0,0.015583992004394531,0.0,0.0,0.0,0.0,0.0,0.0,0.0,0.0,0.0,0.0,0.0,0.0,0.0,0.0,0.0,0.015620708465576172,0.0,0.0,0.0,0.0,0.0,0.687340497970581,0.6097025871276855,0.15579557418823242,0.07854700088500977,0.0,0.0,0.0
0.6087210178375244,0.015664100646972656,0.1406097412109375,0.0,0.0,2.796687602996826,0.0,0.015578508377075195,0.0,0.0,0.0,0.0,0.0,0.0,0.0,0.0,0.0,0.0,0.0,0.0,0.0,0.0,0.015622615814208984,0.0,0.0,0.0,0.0,0.0,0.0,0.0,0.0,0.0,0.0,0.0,0.0,0.0,0.01565241813659668,0.0,0.0,0.0,0.015650510787963867,0.07810640335083008,0.07805395126342773,0.0,0.0,0.0,0.0,0.0,0.015612602233886719,0.10938858985900879,0.0,0.0,0.0,0.0,0.0,0.0,0.0,0.0,0.0,0.24996304512023926,0.0,0.015562772750854492,0.0,1.062223196029663,0.7189929485321045,0.3432302474975586,0.0,0.0,0.0,0.0,0.0,0.015619993209838867,0.0,0.0,0.0,0.0,0.0,0.0,0.0,0.0,0.0,0.0,0.0,0.0,0.0,0.01562356948852539,0.0,0.0,0.0,0.0,0.0,0.0,0.0,0.0,0.0,0.0,0.0,0.0,0.0,0.015620708465576172,0.0,0.04686260223388672,0.015666961669921875,0.015611886978149414,0.0,0.015585184097290039,0.18749046325683594,0.0,0.0,0.0,0.031244754791259766,0.015620231628417969,0.0,0.0,0.0,0.0,0.0,0.0,0.0,0.0,0.0,0.0,0.0,0.015621185302734375,0.0,0.0,0.0,0.0,0.0,0.0,0.0,0.0,0.0,0.0,0.0,0.0,0.0,0.01562190055847168,0.0,0.0,0.0,0.0,0.0,0.0,0.015622138977050781,0.18749046325683594,0.18749046325683594,0.0,0.0,0.0,0.0,0.0,0.0,0.0,0.0,0.0,0.0,0.015618324279785156,0.0,0.0,0.0,0.0,0.0,0.0,0.0,0.0,0.0,0.0,0.0,0.0,0.015622854232788086,0.0,0.0,0.0,0.0,0.0,0.0,0.0,0.0,0.0,0.01562047004699707,0.45305466651916504,0.48422694206237793,0.14063000679016113,0.07809638977050781,0.0,0.0,0.0
0.07814145088195801,0.03120589256286621,0.015624046325683594,0.0,0.0,4.889477252960205,0.015621185302734375,0.0,0.0,0.0,0.0,0.0,0.0,0.0,0.0,0.0,0.0,0.0,0.0,0.015620946884155273,0.0,0.0,0.0,0.0,0.0,0.0,0.0,0.0,0.0,0.0,0.0,0.0,0.0,0.0,0.015623331069946289,0.0,0.0,0.0,0.0,0.0,0.01566481590270996,0.07812905311584473,0.06242775917053223,0.0,0.0,0.0,0.015611886978149414,0.0,0.0,0.10938715934753418,0.0,0.0,0.0,0.015584707260131836,0.0,0.0,0.0,0.0,0.0,0.23437833786010742,0.01556086540222168,0.015624761581420898,0.0,1.4058589935302734,0.7345879077911377,0.6712710857391357,0.0,0.0,0.0,0.0,0.0,0.0,0.0,0.0,0.0,0.0,0.0,0.0,0.0,0.015617609024047852,0.0,0.0,0.0,0.0,0.0,0.0,0.0,0.0,0.0,0.0,0.0,0.0,0.0,0.0,0.0,0.0,0.015621662139892578,0.0,0.0,0.0,0.0,0.0,0.0,0.0,0.0,0.0,0.0,0.0,0.0,0.0,0.0,0.0,0.0,0.0,0.015622138977050781,0.0,0.0,0.0,0.0,0.0,0.0,0.0,0.0,0.0,0.0,0.0,0.0,0.0,0.0,0.0,0.01562047004699707,0.0,0.0,0.0,0.0,0.0,0.0,0.0,0.0,0.0,0.0,0.0,0.0,0.0,0.0,0.0,0.0,0.0,0.0,0.0,0.015621423721313477,0.0,0.0,0.0,0.0,0.0,0.0,0.0,0.0,0.0,0.0,0.0,0.0,0.0,0.0,0.015622854232788086,0.0,0.0,0.0,0.0,0.0,0.0,0.0,0.0,0.0,0.0,0.0,0.0,0.0,0.0,0.0,0.4530222415924072,1.2836415767669678,0.15621185302734375,0.12497091293334961,0.06254291534423828,0.031186580657958984,0.0
0.5149340629577637,0.015620946884155273,0.15621066093444824,0.0,0.0,7.701857566833496,0.0,0.0,0.0,0.0,0.015620708465576172,0.0,0.0,0.0,0.0,0.0,0.0,0.0,0.0,0.0,0.0,0.0,0.0,0.0,0.0,0.0,0.015622854232788086,0.0,0.0,0.0,0.0,0.0,0.0,0.0,0.0,0.0,0.015621662139892578,0.0,0.0,0.0,0.015624284744262695,0.031241416931152344,0.062482357025146484,0.0,0.0,0.0,0.0,0.0,0.015622854232788086,0.14062809944152832,0.0,0.0,0.0,0.0,0.0,0.0,0.0,0.0,0.0,0.28114795684814453,0.0,0.14063477516174316,0.0,2.2650558948516846,2.0776000022888184,0.1874558925628662,0.0,0.0,0.0,0.015579462051391602,0.0,0.0,0.0,0.0,0.0,0.0,0.0,0.015621423721313477,0.0,0.0,0.0,0.0,0.0,0.0,0.0,0.0,0.0,0.0,0.0,0.0,0.0,0.0,0.0,0.01562190055847168,0.0,0.0,0.0,0.0,0.0,0.0,0.0,0.015622377395629883,0.0,0.0,0.0,0.0,0.0,0.0,0.0,0.0,0.0,0.0,0.0,0.046930551528930664,0.015614986419677734,0.0780482292175293,0.015619754791259766,0.046864986419677734,0.015618324279785156,0.015627145767211914,0.0,0.0,0.0,0.0,0.015646934509277344,0.03121352195739746,0.04686474800109863,0.10934591293334961,0.10935258865356445,0.04686307907104492,0.1093900203704834,0.10930681228637695,0.06252336502075195,0.015586137771606445,0.0,0.0,0.0,0.0,0.015621185302734375,0.0,0.0,0.0,0.0,0.0,0.04686260223388672,0.0,0.0,0.0,0.0,0.0,0.04686474800109863,0.0,0.0,0.0,0.0,0.015622854232788086,0.0,0.0,0.0,0.0,0.0,0.0,0.0,0.015618562698364258,0.0,0.0,0.0,0.0,0.0,0.0,0.0,0.0,0.015622615814208984,0.0,0.0,0.0,0.0,0.0,0.0,0.0,0.0,0.4842691421508789,0.5679261684417725,0.14063668251037598,0.06293630599975586,0.0,0.0,0.0
0.0936884880065918,0.0,0.0,0.015620946884155273,0.015654563903808594,6.404789209365845,0.031208276748657227,0.01562047004699707,0.0,0.01562356948852539,0.0,0.0,0.015620946884155273,0.0,0.0,0.0,0.0,0.0,0.03124213218688965,0.0,0.015620708465576172,0.0,0.0,0.015621185302734375,0.0,0.0,0.0,0.0,0.0,0.0,0.015620708465576172,0.0,0.0,0.0,0.01562190055847168,0.0,0.031243324279785156,0.015620946884155273,0.015620708465576172,0.0,0.04686450958251953,0.062485694885253906,0.09372949600219727,0.0,0.0,0.015619039535522461,0.0,0.0,0.03128385543823242,0.20303726196289062,0.046904563903808594,0.03126335144042969,0.07804465293884277,0.015621423721313477,0.015623331069946289,0.03124260902404785,0.015621423721313477,0.03128242492675781,0.031203031539916992,0.09376811981201172,0.015580177307128906,0.015620708465576172,0.04690098762512207,0.046863555908203125,0.015655994415283203,0.031207561492919922,0.0,0.07806897163391113,0.03126049041748047,0.04684901237487793,0.04686427116394043,0.1249685287475586,0.062486886978149414,0.046926259994506836,0.0,0.015558719635009766,0.0,0.0,0.0,0.0,0.0,0.0,0.0,0.0,0.0,0.0,0.0,0.01562047004699707,0.0,0.0,0.0,0.0,0.0,0.0,0.0,0.0,0.0,0.0,0.0,0.0,0.0,0.015620708465576172,0.0,0.0,0.0,0.0,0.06248760223388672,0.015619993209838867,0.015619039535522461,0.0,0.0,0.0,0.0,0.0,0.0,0.0,0.0,0.0,0.0,0.015622138977050781,0.0,0.0,0.0,0.0,0.015650272369384766,0.0,0.015594482421875,0.03124070167541504,0.031244277954101562,0.015619039535522461,0.031243085861206055,0.01562047004699707,0.015621662139892578,0.0,0.031244754791259766,0.015619039535522461,0.0,0.0,0.015621423721313477,0.0,0.0,0.0,0.0,0.0,0.0,0.06248760223388672,0.03124237060546875,0.03124523162841797,0.0,0.0,0.015622615814208984,0.0,0.0,0.0,0.0,0.0,0.0,0.0,0.0,0.0,0.01562047004699707,0.0,0.031243085861206055,0.015620946884155273,0.015624284744262695,0.0,0.015618085861206055,0.04686474800109863,0.0,0.0,0.0,0.015622377395629883,0.0,0.0,0.0,0.0,0.0,0.0,0.0,0.0,0.015619277954101562,0.9997680187225342,0.5311233997344971,0.2030801773071289,0.10934853553771973,0.0,0.0,0.0
0.18745732307434082,0.40615272521972656,0.31249117851257324,0.0,0.0,0.3124253749847412,0.0,0.0,0.0,0.015621423721313477,0.0,0.0,0.0,0.0,0.0,0.0,0.0,0.015619277954101562,0.0,0.0,0.0,0.0,0.0,0.0,0.0,0.0,0.01562190055847168,0.0,0.0,0.0,0.0,0.0,0.0,0.015622377395629883,0.0,0.0,0.0,0.0,0.0,0.0,0.046930551528930664,0.09366321563720703,0.0624847412109375,0.03124547004699707,0.0,0.0,0.0,0.0,0.6405069828033447,0.015586137771606445,0.0,0.0,0.0,0.0,0.015621185302734375,0.0,0.0,0.0,0.0,0.04686260223388672,0.0,0.04686474800109863,0.0,1.1716148853302002,1.1716148853302002,0.0,0.0,0.0,0.0,0.0,0.015622854232788086,0.0,0.0,0.0,0.0,0.0,0.0,0.0,0.015618562698364258,0.0,0.0,0.0,0.0,0.0,0.0,0.0,0.0,0.015622615814208984,0.0,0.0,0.0,0.0,0.0,0.0,0.0,0.015621662139892578,0.0,0.0,0.0,0.0,0.0,0.0,0.0,0.0,0.0,0.0,0.0,0.0,0.015579462051391602,0.0,0.0,0.0,0.01562047004699707,0.0,0.0,0.0,0.0,0.0,0.0,0.0,0.0,0.0,0.0,0.0,0.0,0.0,0.0,0.015623092651367188,0.0,0.0,0.0,0.0,0.0,0.0,0.0,0.0,0.0,0.0,0.0,0.0,0.0,0.015619039535522461,0.0,0.0,0.0,0.0,0.0,0.0,0.0,0.0,0.0,0.0,0.0,0.0,0.0,0.0,0.0,0.0,0.0,0.0,0.015622615814208984,0.0,0.0,0.0,0.0,0.0,0.0,0.0,0.0,0.0,0.0,0.0,0.0,0.0,0.0,0.01562047004699707,0.0,0.0,0.0,0.0,0.0,2.083261489868164,0.973304033279419,0.17136406898498535,0.0629887580871582,0.0,0.0,0.0
0.030804872512817383,0.0,0.015621662139892578,0.0,0.0,21.073386907577515,0.015381336212158203,0.0,0.0,0.0,0.0,0.0,0.0,0.0,0.0,0.0,0.0,0.0,0.0,0.015621185302734375,0.0,0.0,0.0,0.0,0.0,0.0,0.0,0.0,0.0,0.0,0.0,0.0,0.0,0.0,0.015624046325683594,0.0,0.0,0.0,0.0,0.0,0.015660524368286133,0.0781245231628418,0.04684019088745117,0.031214237213134766,0.0,0.0,0.0,0.0,0.04685568809509277,0.12497138977050781,0.0,0.015621423721313477,0.0,0.0,0.0,0.0,0.0,0.0,0.0,1.3903019428253174,0.0,0.015620946884155273,0.0,1.5623676776885986,1.4840209484100342,0.07834672927856445,0.0,0.0,0.0,0.0,0.0,0.0,0.0,0.0,0.0,0.0,0.0,0.0,0.0,0.0,0.0,0.0,0.0,0.0,0.0,0.0,0.0,0.015620231628417969,0.0,0.0,0.0,0.0,0.0,0.0,0.0,0.0,0.0,0.0,0.0,0.0,0.0,0.015622615814208984,0.0,0.0,0.0,0.0,0.0,0.0,0.0,0.0,0.0,0.0,0.0,0.0,0.0,0.0,0.0,0.0,0.01562190055847168,0.0,0.0,0.0,0.0,0.0,0.0,0.0,0.0,0.0,0.0,0.0,0.0,0.0,0.0,0.01562190055847168,0.0,0.0,0.0,0.0,0.0,0.0,0.0,0.0,0.0,0.0,0.0,0.0,0.0,0.0,0.0,0.0,0.015620708465576172,0.0,0.0,0.0,0.0,0.0,0.0,0.0,0.0,0.0,0.0,0.0,0.0,0.0,0.0,0.0,0.0,0.015622854232788086,0.0,0.0,0.0,0.0,0.0,0.0,0.015619993209838867,0.0,0.0,0.0,0.0,0.0,0.0,0.7990198135375977,0.8592245578765869,0.15616488456726074,0.07855439186096191,0.0,0.0,0.0
0.17156505584716797,0.0,0.031243085861206055,0.01516866683959961,0.0,0.28140687942504883,0.0,0.0,0.0,0.0,0.0,0.0,0.0,0.0,0.0,0.0,0.0,0.015621662139892578,0.0,0.0,0.0,0.0,0.0,0.0,0.0,0.0,0.0,0.0,0.0,0.0,0.0,0.0,0.015622854232788086,0.0,0.0,0.0,0.0,0.0,0.0,0.0,0.04692387580871582,0.031250953674316406,0.031215190887451172,0.0,0.0,0.0,0.0,0.0,1.3902556896209717,0.09372854232788086,0.0,0.01562190055847168,0.0,0.0,0.0,0.0,0.0,0.0,0.0,0.046865224838256836,0.0,0.0469050407409668,0.0,1.4918174743652344,1.4918174743652344,0.0,0.0,0.0,0.0,0.0,0.0,0.015579462051391602,0.0,0.0,0.0,0.0,0.0,0.0,0.0,0.0,0.0,0.0,0.0,0.0,0.0,0.0,0.015623092651367188,0.0,0.0,0.0,0.0,0.0,0.0,0.0,0.0,0.0,0.0,0.0,0.0,0.0,0.0,0.015619277954101562,0.0,0.0,0.0,0.0,0.0,0.0,0.0,0.0,0.0,0.0,0.0,0.0,0.0,0.0,0.0,0.0,0.0,0.0,0.0,0.015622377395629883,0.0,0.0,0.0,0.0,0.0,0.0,0.0,0.0,0.0,0.0,0.0,0.0,0.0,0.0,0.0,0.01562047004699707,0.0,0.0,0.0,0.0,0.0,0.0,0.0,0.0,0.0,0.0,0.0,0.0,0.0,0.0,0.0,0.0,0.0,0.0,0.0,0.015621185302734375,0.0,0.0,0.0,0.0,0.0,0.0,0.0,0.0,0.0,0.0,0.0,0.0,0.0,0.0,0.0,0.015622854232788086,0.0,0.0,0.0,0.0,0.0,0.0,0.0,3.1566720008850098,0.8436079025268555,0.17183494567871094,0.07805943489074707,0.0,0.0,0.0
3.467973232269287,0.015665054321289062,1.1738865375518799,0.0,0.0,20.06579875946045,0.015616416931152344,0.0,0.0,0.0,0.0,0.0,0.0,0.0,0.0,0.0,0.0,0.0,0.0,0.0,0.0,0.0,0.015619754791259766,0.0,0.0,0.0,0.0,0.0,0.0,0.0,0.0,0.0,0.0,0.0,0.0,0.0,0.015621423721313477,0.0,0.0,0.0,0.04692244529724121,0.046875953674316406,0.046797752380371094,0.0,0.0,0.0,0.0,0.0,0.031241655349731445,0.12497305870056152,0.0,0.015617609024047852,0.0,0.0,0.0,0.0,0.0,0.0,0.0,0.031242847442626953,0.0,0.4706888198852539,0.0,31.543873071670532,28.669584274291992,2.87428879737854,0.0,0.0,0.01562047004699707,0.0,0.0,0.0,0.0,0.0,0.0,0.0,0.0,0.0,0.0,0.015622615814208984,0.0,0.0,0.0,0.0,0.0,0.0,0.0,0.0,0.0,0.0,0.0,0.0,0.01561880111694336,0.0,0.0,0.0,0.0,0.0,0.0,0.0,0.0,0.0,0.0,0.0,0.0,0.015622615814208984,0.0,0.0,0.0,0.0,0.0,0.0,0.0,0.0,0.0,0.0,0.0,0.0,0.0,0.0,0.0,0.0,0.0,0.015621185302734375,0.0,0.0,0.0,0.0,0.0,0.0,0.0,0.0,0.0,0.0,0.0,0.0,0.0,0.0,0.0,0.015622377395629883,0.0,0.0,0.0,0.0,0.0,0.0,0.0,0.0,0.0,0.0,0.0,0.015620708465576172,0.0,0.0,0.0,0.0,0.0,0.0,0.0,0.0,0.0,0.0,0.0,0.0,0.0,0.0,0.0,0.0,0.0,0.0,0.0,0.0,0.0,0.0,0.0,0.0,0.0,0.0,0.0,0.0,0.015621662139892578,0.9867243766784668,0.6561505794525146,0.14099979400634766,0.07764458656311035,0.0,0.0,0.0
9.81254506111145,0.015662670135498047,0.20307159423828125,0.0,0.015562772750854492,0.43740153312683105,0.0,0.0,0.0,0.015625715255737305,0.0,0.0,0.0,0.0,0.0,0.0,0.0,0.0,0.015614032745361328,0.0,0.0,0.0,0.0,0.0,0.0,0.0,0.0,0.0,0.0,0.0,0.0,0.0,0.0,0.0,0.0,0.0,0.0,0.0,0.0,0.0,0.03130984306335449,0.03124403953552246,0.031183242797851562,0.0,0.0,0.0,0.0,0.0,1.8612415790557861,0.10934925079345703,0.0,0.0,0.0,0.015620231628417969,0.0,0.0,0.0,0.0,0.0,1.1403586864471436,0.015621662139892578,0.062485456466674805,0.0,4.252979278564453,1.2534077167510986,2.9995715618133545,0.0,0.0,0.0,0.0,0.0,0.0,0.0,0.0,0.0,0.0,0.0,0.0,0.0,0.015622854232788086,0.0,0.0,0.0,0.0,0.0,0.0,0.0,0.0,0.0,0.0,0.0,0.0,0.0,0.015619754791259766,0.0,0.0,0.0,0.0,0.0,0.0,0.0,0.0,0.0,0.0,0.0,0.0,0.21876049041748047,0.0,0.015336275100708008,0.0,0.0,0.015621662139892578,0.0,0.0,0.0,0.0,0.0,0.0,0.0,0.0,0.0,0.0,0.0,0.0,0.0,0.0,0.015619993209838867,0.0,0.0,0.0,0.0,0.0,0.0,0.0,0.0,0.0,0.0,0.0,0.0,0.0,0.015621423721313477,0.0,0.0,0.0,0.0,0.21876049041748047,0.21876049041748047,0.0,0.0,0.0,0.015621185302734375,0.0,0.0,0.0,0.0,0.0,0.0,0.0,0.0,0.0,0.0,0.0,0.0,0.0,0.0,0.015622854232788086,0.0,0.0,0.0,0.0,0.0,0.0,0.0,0.0,0.0,0.0,0.0,0.0,0.0,0.06252527236938477,0.0,1.0778319835662842,0.4998819828033447,0.15621447563171387,0.06298160552978516,0.0,0.0,0.0
0.7966709136962891,0.015662193298339844,0.37726807594299316,0.0,0.0,0.21870708465576172,0.0,0.0,0.0,0.0,0.0,0.0,0.0,0.0,0.0,0.0,0.0,0.015622138977050781,0.0,0.0,0.0,0.0,0.0,0.0,0.0,0.0,0.0,0.0,0.0,0.0,0.0,0.015619516372680664,0.0,0.0,0.0,0.0,0.0,0.0,0.0,0.0,0.046898603439331055,0.031210660934448242,0.031247377395629883,0.0,0.0,0.0,0.015614986419677734,0.0,2.6088039875030518,0.10934329032897949,0.0,0.0,0.0,0.0,0.0,0.0,0.0,0.0,0.015589714050292969,0.04692673683166504,0.0,0.031177997589111328,0.0,0.4685811996459961,0.4685811996459961,0.0,0.0,0.0,0.0,0.0,0.0,0.0,0.015620946884155273,0.0,0.0,0.0,0.0,0.0,0.0,0.0,0.0,0.0,0.0,0.0,0.0,0.0,0.015622138977050781,0.0,0.0,0.0,0.0,0.0,0.0,0.0,0.0,0.0,0.0,0.0,0.0,0.0,0.0,0.0,0.0,0.0,0.0,0.015663623809814453,0.015002250671386719,0.09434771537780762,0.0,0.0,0.0,0.0,0.0,0.0,0.0,0.0,0.0,0.0,0.0,0.0,0.015576839447021484,0.0,0.0,0.0,0.0,0.0,0.0,0.0,0.0,0.0,0.0,0.0,0.0,0.0,0.015622138977050781,0.0,0.0,0.0,0.0,0.0,0.015619754791259766,0.0,0.0,0.0,0.0,0.015002250671386719,0.0,0.015002250671386719,0.0,0.0,0.0,0.0,0.0,0.0,0.0,0.0,0.0,0.015622138977050781,0.0,0.0,0.0,0.0,0.0,0.0,0.0,0.0,0.0,0.0,0.0,0.0,0.0,0.01562190055847168,0.0,0.0,0.0,0.0,0.0,0.0,0.0,0.0,0.0,0.7971339225769043,0.5150654315948486,0.15621685981750488,0.06300973892211914,0.0,0.0,0.0
